STUDENT,MAJOR,201,301,302,304,314,317,350,365,373,385,414,415,435,436,GRADUATE
9,Physics,6.0,0.0,0.0,0.0,0.0,7.0,0.0,0.0,0.0,5.0,0.0,0.0,0.0,0.0,1
27,Computer Science,0.0,0.0,0.0,0.0,0.0,6.0,0.0,0.0,0.0,0.0,0.0,0.0,0.0,0.0,1
33,Nutritional Science,3.0,0.0,0.0,0.0,0.0,0.0,0.0,0.0,0.0,0.0,0.0,0.0,0.0,0.0,0
51,Mathematics,0.0,0.0,0.0,0.0,0.0,0.0,0.0,0.0,7.0,0.0,0.0,0.0,0.0,0.0,1
75,Mathematics,4.0,6.0,0.0,0.0,0.0,5.0,0.0,8.0,0.0,8.0,7.0,0.0,7.0,8.0,1
86,Mathematics,2.0,3.0,0.0,0.0,4.0,1.0,0.0,0.0,0.0,1.0,4.0,0.0,3.0,2.0,1
87,Economics,3.0,-6.0,0.0,0.0,0.0,-4.0,0.0,0.0,0.0,0.0,-5.0,0.0,0.0,0.0,0
94,Mathematics,1.0,2.0,3.0,0.0,0.0,1.0,0.0,1.0,2.0,0.0,2.0,0.0,0.0,0.0,1
128,Mathematics,2.0,5.0,0.0,7.0,8.0,3.0,4.0,0.0,0.0,0.0,8.0,0.0,7.0,0.0,1
135,Statistics,3.0,0.0,0.0,0.0,0.0,-4.0,0.0,0.0,7.0,0.0,-7.0,0.0,0.0,0.0,1
155,Biology,-4.0,0.0,0.0,0.0,0.0,0.0,0.0,0.0,0.0,0.0,0.0,0.0,0.0,0.0,0
193,Mathematics,6.0,6.0,8.0,0.0,0.0,5.0,0.0,0.0,7.0,0.0,5.0,0.0,7.0,0.0,1
195,Physics,0.0,0.0,0.0,0.0,0.0,0.0,0.0,0.0,0.0,3.0,0.0,0.0,0.0,0.0,0
199,Economics,4.0,0.0,0.0,0.0,0.0,0.0,0.0,0.0,0.0,0.0,0.0,0.0,0.0,0.0,1
205,Physics,6.0,0.0,0.0,0.0,0.0,0.0,0.0,0.0,0.0,4.0,0.0,0.0,0.0,0.0,1
224,Physics,0.0,0.0,0.0,0.0,0.0,3.0,0.0,0.0,0.0,0.0,0.0,0.0,0.0,0.0,0
264,Mathematics,3.0,7.0,0.0,0.0,8.0,4.0,0.0,0.0,0.0,0.0,5.0,6.0,0.0,0.0,1
265,Physics,3.0,5.0,0.0,0.0,6.0,4.0,0.0,0.0,0.0,3.0,5.0,0.0,0.0,6.0,1
287,Mathematics,3.0,-5.0,0.0,0.0,0.0,4.0,0.0,0.0,0.0,0.0,-7.0,0.0,5.0,6.0,1
310,Statistics,5.0,6.0,0.0,0.0,0.0,5.0,0.0,0.0,0.0,0.0,7.0,0.0,0.0,0.0,1
327,Mathematics,1.0,3.0,-4.0,5.0,0.0,-2.0,4.0,0.0,0.0,3.0,0.0,0.0,0.0,0.0,0
334,Mathematics,5.0,7.0,0.0,0.0,0.0,6.0,8.0,0.0,0.0,0.0,0.0,0.0,7.0,8.0,0
341,Mathematics,3.0,5.0,0.0,0.0,0.0,4.0,0.0,0.0,0.0,0.0,7.0,0.0,5.0,6.0,1
347,Computer Science,5.0,0.0,0.0,0.0,0.0,0.0,0.0,0.0,0.0,0.0,0.0,0.0,0.0,0.0,1
365,Physics,0.0,0.0,0.0,0.0,0.0,0.0,0.0,0.0,0.0,4.0,0.0,0.0,0.0,0.0,0
412,Physics,0.0,0.0,0.0,0.0,0.0,0.0,0.0,0.0,0.0,4.0,0.0,0.0,0.0,0.0,1
416,Economics,7.0,0.0,0.0,0.0,0.0,8.0,0.0,0.0,0.0,0.0,0.0,0.0,0.0,0.0,0
417,Mathematics,5.0,0.0,0.0,0.0,8.0,5.0,0.0,0.0,7.0,0.0,0.0,0.0,0.0,0.0,1
445,Statistics,5.0,0.0,0.0,0.0,0.0,0.0,0.0,0.0,0.0,0.0,6.0,0.0,0.0,0.0,1
473,Computer Science,0.0,1.0,2.0,0.0,0.0,0.0,2.0,2.0,0.0,0.0,3.0,0.0,0.0,0.0,1
488,Economics,4.0,0.0,0.0,0.0,0.0,4.0,0.0,0.0,0.0,0.0,8.0,0.0,0.0,0.0,1
522,Mathematics,2.0,-5.0,0.0,0.0,0.0,3.0,0.0,0.0,0.0,0.0,7.0,0.0,5.0,-4.0,1
530,Liberal Arts and Sciences,0.0,5.0,0.0,0.0,0.0,0.0,0.0,0.0,0.0,0.0,5.0,0.0,0.0,0.0,0
537,Mathematics,0.0,3.0,0.0,0.0,0.0,2.0,0.0,0.0,0.0,0.0,5.0,0.0,3.0,4.0,1
541,Computer Science,3.0,0.0,0.0,0.0,0.0,8.0,6.0,0.0,0.0,0.0,0.0,0.0,0.0,0.0,0
568,Mathematics,6.0,0.0,0.0,0.0,0.0,7.0,0.0,0.0,8.0,0.0,8.0,0.0,0.0,0.0,1
570,Mathematics,2.0,5.0,0.0,7.0,0.0,3.0,0.0,8.0,0.0,0.0,5.0,0.0,5.0,8.0,1
577,Mathematics,2.0,0.0,0.0,0.0,0.0,3.0,0.0,0.0,0.0,0.0,7.0,0.0,0.0,0.0,1
585,Mathematics,0.0,0.0,0.0,0.0,0.0,4.0,0.0,0.0,7.0,0.0,5.0,0.0,0.0,0.0,1
589,Meteorology,0.0,5.0,8.0,0.0,8.0,2.0,0.0,8.0,3.0,4.0,7.0,0.0,0.0,0.0,1
593,Mathematics,2.0,5.0,0.0,0.0,-8.0,3.0,0.0,4.0,0.0,0.0,3.0,4.0,0.0,0.0,1
595,Public Relations,3.0,0.0,0.0,0.0,0.0,5.0,0.0,0.0,0.0,0.0,0.0,0.0,0.0,0.0,1
607,Computer Science,4.0,6.0,0.0,0.0,0.0,5.0,0.0,0.0,0.0,0.0,0.0,0.0,0.0,0.0,1
614,Mathematics,0.0,4.0,6.0,7.0,0.0,0.0,4.0,4.0,0.0,0.0,5.0,6.0,5.0,6.0,1
626,Liberal Arts and Sciences,0.0,0.0,0.0,0.0,0.0,0.0,0.0,0.0,0.0,1.0,0.0,0.0,0.0,0.0,0
629,Economics,2.0,0.0,0.0,0.0,0.0,0.0,0.0,0.0,0.0,0.0,0.0,0.0,0.0,0.0,0
646,Psychology,5.0,0.0,0.0,0.0,8.0,6.0,0.0,0.0,0.0,0.0,0.0,0.0,0.0,0.0,0
672,Computer Science,3.0,0.0,0.0,0.0,0.0,0.0,0.0,0.0,0.0,0.0,0.0,0.0,0.0,0.0,0
677,Computer Science,0.0,8.0,0.0,0.0,8.0,7.0,8.0,0.0,0.0,0.0,0.0,0.0,0.0,0.0,1
712,Liberal Arts and Sciences,-5.0,0.0,0.0,0.0,0.0,-8.0,-8.0,0.0,0.0,0.0,0.0,0.0,0.0,0.0,0
723,Liberal Arts and Sciences,0.0,4.0,0.0,0.0,0.0,5.0,0.0,0.0,0.0,0.0,0.0,0.0,0.0,0.0,0
727,Statistics,-3.0,0.0,0.0,0.0,0.0,0.0,0.0,0.0,0.0,0.0,0.0,0.0,0.0,0.0,1
733,Physics,0.0,0.0,0.0,0.0,0.0,0.0,0.0,0.0,0.0,4.0,0.0,0.0,0.0,0.0,1
737,Statistics,5.0,0.0,0.0,0.0,0.0,-4.0,0.0,0.0,0.0,0.0,0.0,0.0,0.0,0.0,0
758,Materials Engineering,-2.0,0.0,0.0,0.0,0.0,2.0,0.0,0.0,0.0,0.0,5.0,-6.0,0.0,0.0,0
766,Mathematics,3.0,0.0,0.0,0.0,0.0,0.0,0.0,0.0,0.0,0.0,0.0,0.0,0.0,0.0,0
783,Mathematics,5.0,6.0,0.0,0.0,0.0,5.0,0.0,0.0,0.0,0.0,8.0,0.0,7.0,8.0,0
797,Physics,5.0,7.0,0.0,0.0,0.0,6.0,0.0,8.0,0.0,4.0,7.0,8.0,0.0,0.0,0
808,Mathematics,2.0,5.0,0.0,0.0,0.0,3.0,0.0,0.0,0.0,0.0,7.0,0.0,5.0,6.0,1
812,Physics,5.0,7.0,0.0,0.0,0.0,6.0,0.0,0.0,0.0,4.0,0.0,0.0,0.0,0.0,1
820,Mathematics,7.0,0.0,0.0,0.0,0.0,8.0,0.0,0.0,7.0,0.0,0.0,0.0,0.0,0.0,0
834,Finance,1.0,0.0,0.0,0.0,0.0,-1.0,0.0,0.0,0.0,0.0,0.0,0.0,0.0,0.0,1
841,Computer Science,3.0,0.0,0.0,0.0,0.0,5.0,0.0,0.0,0.0,0.0,0.0,0.0,0.0,0.0,0
861,Chemical Engineering,5.0,0.0,0.0,0.0,0.0,0.0,0.0,0.0,0.0,0.0,0.0,0.0,0.0,0.0,0
876,Mathematics,6.0,0.0,0.0,0.0,0.0,0.0,6.0,0.0,0.0,0.0,0.0,0.0,0.0,0.0,0
877,Mathematics,0.0,0.0,0.0,0.0,0.0,0.0,0.0,0.0,0.0,8.0,0.0,0.0,0.0,0.0,0
878,Physics,0.0,0.0,0.0,0.0,0.0,0.0,0.0,0.0,0.0,4.0,0.0,0.0,0.0,0.0,1
886,Computer Science,0.0,8.0,0.0,0.0,0.0,0.0,8.0,0.0,0.0,0.0,0.0,0.0,0.0,0.0,1
899,Mathematics,1.0,0.0,0.0,0.0,0.0,2.0,0.0,0.0,0.0,2.0,4.0,0.0,0.0,0.0,1
901,Statistics,5.0,7.0,0.0,0.0,0.0,6.0,0.0,0.0,0.0,0.0,0.0,0.0,0.0,0.0,1
926,Mathematics,-4.0,0.0,0.0,0.0,8.0,-7.0,0.0,0.0,0.0,0.0,8.0,0.0,0.0,0.0,0
937,Computer Science,0.0,0.0,0.0,0.0,6.0,5.0,0.0,0.0,0.0,0.0,0.0,0.0,0.0,0.0,1
943,Statistics,3.0,0.0,0.0,0.0,0.0,0.0,0.0,0.0,0.0,0.0,0.0,0.0,0.0,0.0,0
960,Mathematics,1.0,-2.0,0.0,0.0,0.0,1.0,0.0,0.0,0.0,0.0,4.0,0.0,2.0,3.0,1
966,Mathematics,0.0,5.0,6.0,-5.0,4.0,0.0,4.0,0.0,0.0,0.0,0.0,0.0,0.0,0.0,0
967,Mathematics,2.0,0.0,0.0,0.0,4.0,3.0,0.0,6.0,7.0,0.0,0.0,0.0,0.0,0.0,1
975,Mathematics,0.0,0.0,6.0,7.0,0.0,0.0,0.0,8.0,7.0,6.0,6.0,8.0,0.0,0.0,1
985,Physics,0.0,0.0,0.0,0.0,0.0,0.0,0.0,0.0,0.0,4.0,0.0,0.0,0.0,0.0,1
1036,Statistics,0.0,0.0,0.0,0.0,0.0,4.0,0.0,0.0,0.0,0.0,0.0,0.0,0.0,0.0,1
1051,Physics,1.0,0.0,0.0,0.0,0.0,5.0,0.0,0.0,0.0,2.0,0.0,0.0,0.0,0.0,1
1065,Sociology,3.0,0.0,0.0,0.0,0.0,7.0,0.0,0.0,0.0,0.0,0.0,0.0,7.0,0.0,1
1085,Mathematics,4.0,-6.0,0.0,0.0,0.0,8.0,7.0,7.0,6.0,0.0,8.0,0.0,0.0,0.0,0
1087,Computer Science,0.0,0.0,0.0,0.0,0.0,-5.0,0.0,0.0,0.0,0.0,0.0,0.0,0.0,0.0,1
1095,Mathematics,3.0,6.0,0.0,0.0,0.0,5.0,0.0,0.0,0.0,0.0,0.0,0.0,7.0,8.0,0
1104,Computer Science,3.0,0.0,0.0,0.0,0.0,6.0,0.0,0.0,0.0,0.0,0.0,0.0,0.0,0.0,1
1105,Political Science,2.0,0.0,0.0,0.0,0.0,3.0,0.0,0.0,0.0,0.0,4.0,0.0,0.0,0.0,1
1107,Mathematics,7.0,6.0,0.0,7.0,6.0,6.0,0.0,0.0,0.0,0.0,6.0,8.0,0.0,0.0,1
1133,Psychology,3.0,4.0,0.0,0.0,0.0,3.0,0.0,0.0,0.0,0.0,7.0,0.0,5.0,6.0,1
1135,Mathematics,3.0,5.0,0.0,0.0,0.0,4.0,0.0,0.0,0.0,0.0,6.0,0.0,5.0,6.0,1
1141,Mathematics,3.0,5.0,0.0,0.0,0.0,4.0,0.0,0.0,0.0,0.0,5.0,7.0,6.0,7.0,0
1183,Mathematics,1.0,3.0,4.0,-5.0,0.0,2.0,0.0,0.0,0.0,0.0,5.0,0.0,3.0,4.0,0
1207,Mathematics,7.0,0.0,0.0,0.0,0.0,8.0,0.0,0.0,0.0,0.0,0.0,0.0,0.0,0.0,0
1208,Mathematics,3.0,5.0,8.0,0.0,6.0,4.0,0.0,4.0,0.0,7.0,5.0,6.0,0.0,8.0,1
1209,Mathematics,2.0,-6.0,0.0,0.0,0.0,3.0,0.0,0.0,0.0,0.0,-6.0,0.0,5.0,6.0,1
1219,Biochemistry,3.0,0.0,0.0,0.0,0.0,5.0,0.0,0.0,0.0,0.0,0.0,0.0,0.0,0.0,1
1223,Mathematics,0.0,5.0,0.0,0.0,0.0,5.0,5.0,0.0,0.0,0.0,6.0,7.0,0.0,0.0,1
1225,Mathematics,7.0,0.0,0.0,0.0,0.0,0.0,0.0,0.0,0.0,0.0,0.0,0.0,0.0,0.0,0
1261,Mathematics,0.0,0.0,0.0,0.0,0.0,0.0,0.0,0.0,0.0,0.0,7.0,0.0,0.0,6.0,1
1263,Mathematics,0.0,4.0,0.0,0.0,0.0,0.0,0.0,0.0,0.0,0.0,6.0,0.0,5.0,6.0,1
1265,Mathematics,0.0,2.0,3.0,2.0,3.0,1.0,0.0,0.0,0.0,2.0,4.0,0.0,4.0,0.0,1
1273,Technical Communication,4.0,0.0,0.0,0.0,0.0,0.0,0.0,0.0,0.0,0.0,0.0,0.0,0.0,0.0,1
1280,Computer Science,0.0,8.0,0.0,5.0,0.0,-4.0,0.0,0.0,0.0,0.0,0.0,0.0,0.0,0.0,1
1290,Business,-5.0,0.0,0.0,0.0,0.0,0.0,0.0,0.0,0.0,0.0,0.0,0.0,0.0,0.0,0
1310,Statistics,7.0,0.0,0.0,0.0,0.0,0.0,0.0,0.0,0.0,0.0,0.0,0.0,0.0,0.0,1
1312,Mathematics,3.0,0.0,0.0,0.0,0.0,5.0,0.0,4.0,7.0,0.0,0.0,0.0,0.0,0.0,0
1328,Physics,0.0,6.0,0.0,0.0,0.0,5.0,0.0,0.0,0.0,0.0,0.0,0.0,0.0,0.0,0
1332,Liberal Arts and Sciences,0.0,1.0,0.0,0.0,0.0,0.0,0.0,0.0,0.0,0.0,0.0,0.0,0.0,0.0,0
1348,Mathematics,0.0,5.0,0.0,7.0,4.0,4.0,4.0,0.0,0.0,6.0,4.0,6.0,0.0,0.0,1
1369,Mathematics,6.0,7.0,0.0,0.0,0.0,6.0,0.0,0.0,0.0,0.0,8.0,0.0,7.0,8.0,0
1385,Mathematics,4.0,-5.0,-6.0,0.0,0.0,4.0,0.0,6.0,0.0,5.0,5.0,6.0,-5.0,0.0,0
1388,Statistics,3.0,0.0,0.0,0.0,0.0,0.0,0.0,0.0,0.0,0.0,0.0,0.0,0.0,0.0,1
1397,Statistics,3.0,0.0,0.0,5.0,0.0,4.0,0.0,0.0,0.0,0.0,8.0,0.0,0.0,0.0,1
1428,Mathematics,3.0,7.0,0.0,0.0,0.0,4.0,0.0,0.0,0.0,0.0,7.0,0.0,7.0,8.0,0
1450,Computer Science,0.0,0.0,0.0,5.0,0.0,0.0,0.0,0.0,0.0,0.0,0.0,0.0,0.0,0.0,1
1465,Computer Science,4.0,0.0,0.0,0.0,0.0,0.0,0.0,0.0,0.0,0.0,0.0,0.0,0.0,0.0,1
1470,Mathematics,4.0,7.0,0.0,0.0,0.0,5.0,0.0,0.0,0.0,0.0,6.0,0.0,5.0,6.0,1
1471,Computer Science,3.0,0.0,0.0,0.0,0.0,0.0,0.0,0.0,0.0,0.0,0.0,0.0,0.0,0.0,0
1488,Mathematics,0.0,2.0,0.0,0.0,0.0,0.0,0.0,0.0,0.0,0.0,2.0,0.0,5.0,6.0,1
1522,Physics,5.0,0.0,0.0,0.0,0.0,6.0,0.0,6.0,0.0,4.0,7.0,8.0,0.0,0.0,1
1523,Statistics,3.0,6.0,0.0,0.0,8.0,5.0,0.0,0.0,7.0,0.0,7.0,0.0,0.0,0.0,1
1526,Philosophy,5.0,0.0,0.0,0.0,0.0,6.0,8.0,0.0,0.0,-5.0,-6.0,0.0,0.0,0.0,1
1532,Computer Science,4.0,7.0,0.0,0.0,4.0,3.0,0.0,0.0,0.0,0.0,0.0,0.0,0.0,0.0,1
1553,Computer Science,4.0,0.0,0.0,0.0,0.0,5.0,0.0,0.0,0.0,0.0,0.0,0.0,0.0,0.0,1
1573,Mathematics,1.0,0.0,0.0,0.0,0.0,1.0,0.0,0.0,0.0,0.0,0.0,0.0,0.0,0.0,0
1579,Mathematics,0.0,0.0,6.0,0.0,0.0,5.0,0.0,0.0,0.0,5.0,7.0,0.0,0.0,0.0,1
1584,Mathematics,0.0,4.0,0.0,0.0,0.0,0.0,0.0,0.0,0.0,0.0,0.0,4.0,0.0,0.0,0
1598,Computer Science,0.0,0.0,0.0,0.0,0.0,0.0,0.0,0.0,0.0,0.0,0.0,0.0,0.0,8.0,1
1615,Statistics,2.0,0.0,0.0,4.0,0.0,3.0,0.0,0.0,0.0,0.0,0.0,0.0,0.0,0.0,1
1627,Computer Science,0.0,5.0,0.0,0.0,8.0,4.0,6.0,0.0,0.0,0.0,8.0,0.0,0.0,0.0,1
1638,Liberal Arts and Sciences,6.0,0.0,0.0,0.0,0.0,0.0,0.0,0.0,0.0,4.0,0.0,0.0,0.0,0.0,0
1641,Physics,0.0,0.0,0.0,0.0,0.0,0.0,0.0,0.0,0.0,4.0,0.0,0.0,0.0,0.0,1
1650,Mathematics,3.0,5.0,0.0,0.0,8.0,-4.0,0.0,0.0,0.0,0.0,5.0,0.0,7.0,8.0,1
1678,Mathematics,2.0,0.0,0.0,0.0,0.0,0.0,0.0,0.0,0.0,0.0,0.0,0.0,0.0,0.0,0
1684,Mathematics,3.0,-5.0,0.0,0.0,0.0,4.0,0.0,0.0,0.0,0.0,6.0,0.0,5.0,6.0,1
1703,Computer Science,4.0,8.0,0.0,0.0,8.0,6.0,8.0,0.0,0.0,0.0,0.0,0.0,0.0,0.0,1
1737,Event Management,3.0,0.0,0.0,0.0,0.0,0.0,0.0,0.0,0.0,0.0,0.0,0.0,0.0,0.0,1
1759,Statistics,7.0,-7.0,0.0,0.0,0.0,6.0,8.0,0.0,7.0,0.0,5.0,6.0,0.0,0.0,1
1768,Mathematics,4.0,-7.0,0.0,7.0,0.0,-6.0,0.0,0.0,-7.0,0.0,0.0,0.0,0.0,0.0,0
1770,Liberal Arts and Sciences,5.0,0.0,0.0,0.0,0.0,0.0,6.0,0.0,0.0,0.0,0.0,0.0,0.0,0.0,1
1777,Statistics,0.0,0.0,0.0,0.0,0.0,6.0,0.0,0.0,0.0,0.0,0.0,8.0,0.0,0.0,0
1790,Physics,2.0,0.0,0.0,7.0,0.0,0.0,0.0,6.0,0.0,5.0,0.0,0.0,0.0,0.0,1
1794,Mathematics,1.0,5.0,0.0,0.0,0.0,2.0,0.0,0.0,0.0,0.0,5.0,0.0,5.0,6.0,1
1803,Mathematics,0.0,-8.0,0.0,0.0,0.0,0.0,0.0,0.0,0.0,0.0,0.0,0.0,0.0,8.0,0
1820,Computer Science,0.0,5.0,0.0,0.0,6.0,2.0,8.0,0.0,0.0,0.0,0.0,0.0,0.0,0.0,1
1824,Computer Science,2.0,3.0,4.0,0.0,6.0,4.0,0.0,0.0,0.0,0.0,0.0,0.0,0.0,0.0,1
1836,Computer Science,3.0,-5.0,0.0,-7.0,6.0,5.0,0.0,0.0,0.0,0.0,8.0,0.0,0.0,0.0,0
1846,Physics,-2.0,3.0,-4.0,0.0,0.0,3.0,0.0,0.0,0.0,0.0,0.0,0.0,0.0,0.0,1
1849,Mathematics,4.0,0.0,0.0,5.0,0.0,-5.0,6.0,0.0,0.0,0.0,5.0,0.0,0.0,0.0,1
1856,Computer Science,3.0,0.0,0.0,0.0,0.0,0.0,0.0,0.0,0.0,0.0,0.0,0.0,0.0,0.0,1
1873,Mathematics,1.0,0.0,0.0,5.0,0.0,2.0,-4.0,0.0,3.0,0.0,0.0,0.0,0.0,0.0,1
1874,Mathematics,0.0,7.0,0.0,0.0,0.0,0.0,7.0,7.0,0.0,0.0,8.0,0.0,8.0,0.0,0
1885,Mathematics,-8.0,0.0,0.0,0.0,0.0,0.0,0.0,0.0,0.0,0.0,0.0,0.0,0.0,0.0,0
1895,Mathematics,3.0,-5.0,0.0,0.0,0.0,4.0,0.0,0.0,0.0,0.0,0.0,0.0,0.0,0.0,1
1900,Meteorology,0.0,0.0,0.0,0.0,0.0,0.0,0.0,0.0,0.0,5.0,0.0,0.0,0.0,0.0,1
1908,Statistics,3.0,0.0,0.0,0.0,0.0,0.0,0.0,0.0,0.0,0.0,0.0,0.0,0.0,0.0,1
1928,Business,-5.0,0.0,0.0,0.0,0.0,0.0,0.0,0.0,0.0,0.0,0.0,0.0,0.0,0.0,0
1930,Mathematics,0.0,0.0,0.0,0.0,0.0,0.0,0.0,0.0,0.0,0.0,7.0,0.0,0.0,6.0,1
1937,Mechanical Engineering,2.0,0.0,0.0,0.0,0.0,0.0,0.0,0.0,0.0,0.0,0.0,0.0,0.0,0.0,0
1954,Mathematics,1.0,5.0,0.0,0.0,0.0,2.0,4.0,2.0,0.0,4.0,3.0,6.0,3.0,4.0,1
1964,Meteorology,0.0,0.0,0.0,0.0,0.0,0.0,0.0,0.0,5.0,8.0,0.0,0.0,0.0,0.0,1
1985,Physics,0.0,0.0,0.0,0.0,0.0,0.0,0.0,0.0,0.0,3.0,0.0,0.0,0.0,0.0,1
1994,Mathematics,0.0,-5.0,0.0,0.0,0.0,4.0,0.0,8.0,0.0,0.0,-5.0,0.0,7.0,8.0,1
2001,Mathematics,5.0,7.0,0.0,0.0,0.0,6.0,0.0,0.0,0.0,-4.0,7.0,8.0,0.0,0.0,1
2002,Computer Science,4.0,6.0,8.0,7.0,0.0,5.0,0.0,0.0,0.0,0.0,7.0,0.0,0.0,0.0,1
2006,Mathematics,-7.0,0.0,0.0,0.0,0.0,0.0,0.0,0.0,0.0,0.0,0.0,0.0,0.0,0.0,0
2025,Mathematics,2.0,4.0,0.0,5.0,0.0,3.0,0.0,0.0,0.0,3.0,4.0,6.0,5.0,0.0,1
2059,Mathematics,1.0,0.0,0.0,0.0,4.0,-2.0,0.0,0.0,0.0,3.0,0.0,0.0,0.0,0.0,1
2062,Statistics,4.0,0.0,0.0,7.0,0.0,5.0,0.0,0.0,0.0,0.0,5.0,0.0,0.0,0.0,1
2084,Mathematics,-2.0,4.0,0.0,0.0,-8.0,3.0,0.0,0.0,0.0,0.0,7.0,0.0,5.0,4.0,1
2091,Liberal Arts and Sciences,0.0,0.0,0.0,0.0,0.0,1.0,0.0,0.0,0.0,0.0,0.0,0.0,0.0,0.0,0
2093,Systems Engineering,2.0,0.0,0.0,0.0,0.0,3.0,0.0,0.0,0.0,0.0,0.0,0.0,0.0,0.0,0
2118,Mathematics,6.0,7.0,0.0,0.0,0.0,6.0,0.0,0.0,0.0,0.0,0.0,0.0,7.0,8.0,0
2179,Mathematics,2.0,0.0,0.0,0.0,0.0,4.0,0.0,0.0,5.0,0.0,5.0,0.0,0.0,0.0,1
2196,English,2.0,0.0,0.0,0.0,0.0,0.0,0.0,0.0,0.0,0.0,0.0,0.0,0.0,0.0,1
2209,Statistics,0.0,0.0,0.0,0.0,0.0,0.0,0.0,0.0,0.0,0.0,0.0,8.0,0.0,0.0,1
2212,Mathematics,1.0,0.0,0.0,0.0,0.0,0.0,0.0,0.0,0.0,0.0,0.0,0.0,0.0,0.0,0
2223,Mathematics,0.0,3.0,0.0,3.0,2.0,1.0,0.0,0.0,0.0,0.0,1.0,0.0,0.0,4.0,1
2227,Chemisty,2.0,6.0,8.0,0.0,0.0,4.0,0.0,6.0,0.0,5.0,4.0,0.0,0.0,0.0,1
2235,Economics,-6.0,0.0,0.0,0.0,0.0,6.0,0.0,0.0,0.0,0.0,0.0,0.0,0.0,0.0,0
2253,Mathematics,0.0,0.0,6.0,0.0,0.0,0.0,0.0,0.0,0.0,0.0,0.0,6.0,0.0,0.0,1
2269,Chemisty,1.0,0.0,0.0,0.0,8.0,6.0,0.0,8.0,7.0,8.0,0.0,0.0,0.0,0.0,1
2287,Mathematics,4.0,0.0,0.0,0.0,0.0,6.0,0.0,0.0,0.0,0.0,7.0,0.0,0.0,0.0,1
2303,Economics,0.0,0.0,0.0,0.0,0.0,8.0,0.0,0.0,0.0,0.0,0.0,0.0,0.0,0.0,0
2312,Data Science,0.0,0.0,0.0,0.0,0.0,0.0,0.0,0.0,0.0,0.0,8.0,0.0,0.0,0.0,1
2313,Chemisty,5.0,0.0,0.0,0.0,8.0,6.0,0.0,0.0,0.0,0.0,0.0,0.0,0.0,0.0,1
2323,Mathematics,3.0,0.0,0.0,0.0,0.0,0.0,0.0,0.0,0.0,0.0,5.0,6.0,0.0,0.0,0
2332,Mathematics,0.0,2.0,0.0,3.0,0.0,0.0,0.0,2.0,0.0,2.0,3.0,4.0,0.0,0.0,1
2347,Computer Science,3.0,0.0,0.0,0.0,6.0,4.0,0.0,0.0,0.0,0.0,0.0,0.0,0.0,0.0,1
2352,Statistics,4.0,0.0,0.0,0.0,0.0,-5.0,0.0,0.0,0.0,0.0,0.0,0.0,0.0,0.0,1
2356,Computer Science,0.0,0.0,0.0,0.0,0.0,4.0,0.0,0.0,7.0,0.0,0.0,0.0,0.0,0.0,1
2361,Mathematics,8.0,0.0,0.0,0.0,0.0,0.0,0.0,0.0,0.0,0.0,0.0,0.0,0.0,0.0,0
2374,Physics,3.0,7.0,0.0,0.0,0.0,5.0,0.0,0.0,0.0,3.0,7.0,0.0,0.0,0.0,0
2375,Computer Science,1.0,3.0,0.0,5.0,6.0,2.0,0.0,0.0,0.0,0.0,0.0,0.0,0.0,0.0,1
2380,Physics,0.0,0.0,0.0,0.0,0.0,6.0,0.0,6.0,7.0,4.0,0.0,0.0,0.0,0.0,0
2381,Mathematics,4.0,0.0,0.0,0.0,0.0,-5.0,0.0,0.0,0.0,0.0,0.0,0.0,0.0,0.0,0
2389,Computer Science,0.0,0.0,0.0,0.0,0.0,8.0,-6.0,0.0,0.0,0.0,0.0,0.0,0.0,0.0,0
2391,Economics,3.0,0.0,0.0,0.0,0.0,3.0,0.0,0.0,0.0,0.0,5.0,0.0,0.0,0.0,1
2398,Management,3.0,0.0,0.0,0.0,0.0,0.0,0.0,0.0,0.0,0.0,0.0,0.0,0.0,0.0,1
2411,Statistics,3.0,0.0,0.0,0.0,0.0,4.0,0.0,0.0,7.0,0.0,5.0,0.0,0.0,0.0,1
2420,Physics,0.0,0.0,0.0,0.0,0.0,0.0,0.0,0.0,0.0,8.0,0.0,0.0,0.0,0.0,0
2421,Physics,7.0,0.0,0.0,0.0,0.0,8.0,0.0,0.0,0.0,7.0,0.0,0.0,0.0,0.0,0
2431,Biochemistry,7.0,0.0,0.0,0.0,0.0,0.0,0.0,0.0,0.0,0.0,0.0,0.0,0.0,0.0,1
2464,Statistics,3.0,0.0,0.0,0.0,0.0,5.0,0.0,0.0,0.0,0.0,0.0,0.0,0.0,0.0,0
2465,Computer Science,-4.0,0.0,0.0,0.0,0.0,0.0,0.0,0.0,0.0,0.0,0.0,0.0,0.0,0.0,0
2469,Computer Science,0.0,7.0,0.0,0.0,4.0,3.0,0.0,0.0,0.0,0.0,0.0,0.0,0.0,0.0,1
2495,Physics,0.0,0.0,0.0,0.0,0.0,0.0,0.0,0.0,0.0,4.0,0.0,0.0,0.0,0.0,0
2510,Mathematics,4.0,6.0,0.0,0.0,0.0,5.0,8.0,0.0,0.0,0.0,7.0,0.0,7.0,6.0,1
2523,Mathematics,6.0,0.0,0.0,0.0,0.0,0.0,0.0,0.0,0.0,0.0,0.0,0.0,0.0,0.0,0
2530,Mathematics,0.0,5.0,6.0,0.0,6.0,4.0,0.0,4.0,0.0,0.0,5.0,0.0,0.0,0.0,1
2532,Mathematics,2.0,-4.0,0.0,0.0,6.0,3.0,0.0,0.0,0.0,8.0,0.0,0.0,0.0,0.0,1
2550,Mathematics,1.0,3.0,4.0,0.0,2.0,2.0,0.0,0.0,0.0,0.0,3.0,4.0,0.0,0.0,1
2574,Statistics,3.0,2.0,6.0,0.0,0.0,1.0,0.0,0.0,3.0,0.0,3.0,0.0,0.0,0.0,1
2575,Chemisty,3.0,6.0,0.0,0.0,0.0,5.0,0.0,0.0,0.0,0.0,0.0,0.0,0.0,0.0,1
2583,Economics,-5.0,0.0,0.0,0.0,0.0,0.0,0.0,0.0,0.0,0.0,0.0,0.0,0.0,0.0,1
2610,Statistics,3.0,0.0,0.0,0.0,0.0,4.0,0.0,0.0,0.0,0.0,0.0,0.0,7.0,0.0,1
2615,Mathematics,3.0,6.0,0.0,0.0,0.0,4.0,0.0,0.0,0.0,0.0,7.0,0.0,5.0,6.0,1
2621,Mathematics,0.0,0.0,0.0,0.0,0.0,0.0,8.0,0.0,0.0,0.0,0.0,0.0,0.0,8.0,1
2627,Mathematics,3.0,-5.0,0.0,0.0,0.0,4.0,0.0,0.0,0.0,6.0,5.0,0.0,5.0,4.0,1
2630,Mathematics,0.0,0.0,0.0,0.0,0.0,0.0,0.0,0.0,0.0,0.0,7.0,0.0,7.0,6.0,1
2652,Mathematics,4.0,7.0,0.0,0.0,0.0,6.0,0.0,0.0,0.0,0.0,8.0,0.0,7.0,8.0,0
2653,Computer Science,0.0,0.0,0.0,0.0,0.0,-1.0,0.0,0.0,0.0,0.0,0.0,0.0,0.0,0.0,1
2671,Mathematics,4.0,6.0,0.0,0.0,0.0,5.0,8.0,0.0,7.0,0.0,7.0,0.0,7.0,8.0,1
2724,Interdisciplinary Studies,2.0,0.0,0.0,0.0,0.0,2.0,0.0,0.0,0.0,0.0,0.0,0.0,0.0,0.0,1
2738,Physics,0.0,0.0,0.0,0.0,0.0,0.0,0.0,0.0,0.0,5.0,0.0,0.0,0.0,0.0,1
2749,Mathematics,0.0,0.0,0.0,0.0,0.0,3.0,0.0,0.0,6.0,0.0,5.0,0.0,0.0,0.0,1
2751,Mathematics,4.0,0.0,0.0,0.0,0.0,4.0,0.0,0.0,0.0,0.0,5.0,0.0,0.0,0.0,1
2775,Mathematics,0.0,-6.0,0.0,0.0,0.0,0.0,0.0,0.0,0.0,0.0,-7.0,0.0,7.0,8.0,0
2776,Statistics,0.0,0.0,0.0,0.0,0.0,3.0,0.0,0.0,0.0,0.0,0.0,0.0,0.0,0.0,1
2785,Statistics,4.0,5.0,0.0,0.0,0.0,4.0,0.0,0.0,0.0,0.0,0.0,0.0,0.0,0.0,1
2812,Mathematics,4.0,5.0,0.0,0.0,0.0,4.0,0.0,0.0,0.0,0.0,7.0,0.0,5.0,6.0,1
2814,Mathematics,4.0,7.0,0.0,0.0,0.0,5.0,0.0,0.0,0.0,0.0,-7.0,0.0,5.0,6.0,1
2821,Economics,5.0,0.0,0.0,0.0,0.0,7.0,0.0,0.0,0.0,0.0,8.0,0.0,0.0,0.0,1
2864,Mathematics,0.0,3.0,4.0,0.0,4.0,3.0,2.0,0.0,0.0,0.0,1.0,0.0,0.0,0.0,1
2873,Computer Science,0.0,0.0,0.0,0.0,5.0,0.0,0.0,0.0,0.0,0.0,0.0,0.0,0.0,0.0,1
2874,Mathematics,0.0,-8.0,0.0,0.0,-8.0,0.0,0.0,0.0,0.0,0.0,0.0,0.0,0.0,0.0,0
2893,Mathematics,5.0,7.0,8.0,7.0,6.0,6.0,0.0,0.0,0.0,0.0,6.0,8.0,0.0,0.0,1
2901,Computer Science,0.0,5.0,0.0,0.0,0.0,0.0,6.0,0.0,0.0,0.0,0.0,0.0,0.0,0.0,1
2911,Mathematics,2.0,3.0,0.0,3.0,0.0,2.0,4.0,6.0,0.0,0.0,4.0,0.0,3.0,4.0,1
2934,Mathematics,3.0,6.0,0.0,0.0,0.0,4.0,0.0,0.0,0.0,0.0,5.0,0.0,7.0,8.0,1
2942,Computer Science,1.0,4.0,0.0,7.0,0.0,0.0,0.0,0.0,-7.0,0.0,5.0,0.0,0.0,0.0,0
2951,Mathematics,7.0,6.0,0.0,7.0,0.0,5.0,0.0,0.0,0.0,0.0,5.0,0.0,7.0,8.0,1
2954,Physics,0.0,0.0,0.0,0.0,0.0,0.0,0.0,0.0,0.0,4.0,0.0,0.0,0.0,0.0,1
2971,Meteorology,0.0,0.0,0.0,0.0,0.0,0.0,0.0,0.0,0.0,8.0,0.0,0.0,0.0,0.0,1
2981,Physics,0.0,0.0,0.0,0.0,0.0,0.0,0.0,0.0,0.0,-4.0,0.0,0.0,0.0,0.0,0
2998,Mathematics,3.0,5.0,0.0,7.0,6.0,4.0,6.0,0.0,0.0,0.0,7.0,8.0,0.0,0.0,1
3002,Psychology,2.0,0.0,0.0,0.0,6.0,3.0,4.0,0.0,5.0,0.0,0.0,0.0,0.0,0.0,1
3005,Liberal Arts and Sciences,2.0,0.0,0.0,5.0,0.0,6.0,0.0,0.0,0.0,4.0,0.0,0.0,0.0,0.0,1
3028,Computer Science,8.0,0.0,0.0,0.0,0.0,0.0,0.0,0.0,0.0,0.0,0.0,0.0,0.0,0.0,0
3031,Economics,3.0,7.0,0.0,7.0,0.0,4.0,0.0,8.0,0.0,0.0,0.0,0.0,0.0,0.0,1
3038,Mathematics,-2.0,0.0,0.0,0.0,0.0,-3.0,0.0,-3.0,0.0,0.0,0.0,0.0,0.0,0.0,0
3121,Mathematics,1.0,3.0,4.0,0.0,4.0,2.0,0.0,0.0,0.0,3.0,5.0,0.0,0.0,0.0,1
3131,Mathematics,1.0,0.0,0.0,0.0,0.0,2.0,0.0,0.0,0.0,2.0,3.0,0.0,0.0,0.0,0
3135,Meteorology,0.0,0.0,0.0,0.0,0.0,0.0,0.0,0.0,0.0,7.0,0.0,0.0,0.0,0.0,1
3139,Computer Science,3.0,0.0,0.0,0.0,0.0,-4.0,0.0,0.0,0.0,0.0,0.0,0.0,0.0,0.0,0
3141,Mathematics,2.0,4.0,0.0,0.0,0.0,-3.0,0.0,0.0,0.0,0.0,7.0,0.0,5.0,6.0,1
3158,Mathematics,4.0,-7.0,0.0,0.0,0.0,-6.0,0.0,0.0,0.0,0.0,8.0,0.0,7.0,8.0,0
3177,Statistics,3.0,0.0,0.0,0.0,0.0,5.0,0.0,0.0,0.0,0.0,0.0,0.0,0.0,0.0,0
3190,Meteorology,0.0,0.0,0.0,0.0,0.0,0.0,0.0,0.0,0.0,6.0,0.0,0.0,0.0,0.0,1
3191,Mathematics,0.0,4.0,0.0,7.0,8.0,0.0,8.0,0.0,5.0,0.0,5.0,0.0,0.0,0.0,0
3213,Liberal Arts and Sciences,6.0,0.0,0.0,0.0,0.0,0.0,0.0,0.0,0.0,0.0,0.0,0.0,0.0,0.0,0
3228,Physics,0.0,0.0,0.0,0.0,0.0,0.0,0.0,0.0,0.0,6.0,0.0,0.0,0.0,0.0,0
3247,Data Science,0.0,0.0,0.0,0.0,0.0,0.0,0.0,0.0,7.0,0.0,0.0,0.0,0.0,0.0,1
3256,Mathematics,2.0,6.0,0.0,0.0,0.0,5.0,6.0,0.0,0.0,0.0,7.0,0.0,7.0,6.0,1
3257,Computer Science,4.0,6.0,0.0,0.0,0.0,5.0,0.0,0.0,0.0,0.0,0.0,0.0,0.0,0.0,1
3283,Meteorology,0.0,0.0,0.0,0.0,0.0,0.0,0.0,0.0,0.0,7.0,0.0,0.0,0.0,0.0,0
3287,Mathematics,3.0,4.0,8.0,0.0,0.0,3.0,0.0,0.0,7.0,0.0,5.0,0.0,0.0,0.0,1
3298,Liberal Arts and Sciences,0.0,0.0,0.0,0.0,0.0,0.0,0.0,5.0,0.0,0.0,0.0,0.0,0.0,0.0,0
3301,Mathematics,4.0,0.0,0.0,0.0,0.0,5.0,0.0,0.0,7.0,0.0,6.0,0.0,0.0,0.0,1
3331,Mathematics,0.0,5.0,0.0,0.0,0.0,4.0,0.0,0.0,0.0,0.0,0.0,0.0,0.0,0.0,0
3338,Economics,-1.0,0.0,0.0,0.0,0.0,0.0,0.0,0.0,0.0,0.0,0.0,0.0,0.0,0.0,0
3344,Mathematics,0.0,8.0,0.0,0.0,0.0,0.0,0.0,0.0,0.0,0.0,0.0,0.0,0.0,0.0,0
3359,Computer Science,8.0,0.0,0.0,0.0,0.0,0.0,8.0,0.0,0.0,0.0,0.0,0.0,0.0,0.0,0
3363,Computer Science,0.0,0.0,0.0,0.0,6.0,4.0,0.0,0.0,0.0,0.0,0.0,0.0,0.0,0.0,1
3372,Mathematics,3.0,6.0,0.0,0.0,0.0,5.0,0.0,0.0,5.0,0.0,5.0,0.0,0.0,0.0,1
3406,Mathematics,3.0,-5.0,0.0,0.0,0.0,4.0,0.0,0.0,0.0,0.0,7.0,0.0,5.0,6.0,1
3410,Music,2.0,0.0,0.0,0.0,0.0,0.0,0.0,0.0,0.0,0.0,0.0,0.0,0.0,0.0,0
3431,Physics,-6.0,0.0,0.0,0.0,0.0,0.0,0.0,0.0,0.0,0.0,0.0,0.0,0.0,0.0,1
3451,Economics,0.0,0.0,0.0,0.0,0.0,6.0,0.0,0.0,0.0,0.0,8.0,0.0,0.0,0.0,1
3482,Mathematics,3.0,0.0,0.0,0.0,0.0,-4.0,0.0,0.0,0.0,0.0,0.0,0.0,0.0,0.0,0
3491,Mathematics,1.0,4.0,0.0,0.0,0.0,2.0,4.0,0.0,0.0,0.0,3.0,0.0,3.0,2.0,1
3492,Statistics,3.0,5.0,0.0,0.0,0.0,4.0,0.0,0.0,0.0,0.0,0.0,0.0,0.0,0.0,1
3495,Physics,0.0,0.0,0.0,0.0,0.0,0.0,0.0,0.0,0.0,4.0,0.0,0.0,0.0,0.0,0
3530,Mathematics,2.0,4.0,0.0,5.0,0.0,3.0,0.0,0.0,0.0,0.0,6.0,0.0,5.0,4.0,1
3537,Computer Science,3.0,7.0,0.0,7.0,6.0,-4.0,0.0,0.0,0.0,0.0,0.0,0.0,0.0,0.0,0
3548,Chemisty,6.0,0.0,0.0,0.0,0.0,7.0,0.0,0.0,0.0,0.0,0.0,0.0,0.0,0.0,0
3567,Mathematics,5.0,8.0,0.0,0.0,0.0,-7.0,0.0,6.0,0.0,0.0,0.0,0.0,-7.0,0.0,0
3569,Mathematics,0.0,8.0,0.0,0.0,0.0,0.0,0.0,0.0,0.0,0.0,0.0,0.0,0.0,8.0,0
3581,Construction Engineering,2.0,0.0,0.0,0.0,0.0,0.0,0.0,0.0,0.0,0.0,0.0,0.0,0.0,0.0,0
3583,Mathematics,8.0,0.0,0.0,0.0,8.0,7.0,8.0,0.0,0.0,0.0,7.0,0.0,0.0,0.0,1
3588,Chemisty,3.0,5.0,0.0,0.0,0.0,6.0,0.0,0.0,0.0,0.0,0.0,0.0,0.0,0.0,1
3609,Liberal Arts and Sciences,1.0,3.0,0.0,0.0,0.0,2.0,0.0,0.0,0.0,0.0,0.0,0.0,0.0,0.0,0
3660,Mathematics,0.0,0.0,0.0,0.0,0.0,0.0,0.0,0.0,0.0,0.0,-7.0,0.0,0.0,0.0,1
3668,Liberal Arts and Sciences,0.0,0.0,0.0,0.0,0.0,0.0,0.0,-2.0,0.0,0.0,0.0,0.0,0.0,0.0,1
3680,Physics,0.0,0.0,0.0,0.0,0.0,0.0,0.0,0.0,0.0,5.0,0.0,0.0,0.0,0.0,0
3685,Liberal Arts and Sciences,5.0,0.0,0.0,0.0,0.0,0.0,0.0,0.0,0.0,0.0,-7.0,0.0,0.0,0.0,1
3700,Physics,2.0,0.0,0.0,7.0,0.0,6.0,0.0,8.0,0.0,5.0,5.0,0.0,0.0,0.0,1
3722,Statistics,4.0,8.0,0.0,0.0,0.0,5.0,0.0,0.0,0.0,0.0,0.0,0.0,0.0,0.0,1
3733,Systems Engineering,3.0,0.0,0.0,0.0,0.0,0.0,0.0,0.0,0.0,0.0,0.0,0.0,0.0,0.0,0
3739,Mathematics,0.0,0.0,0.0,0.0,0.0,4.0,0.0,0.0,0.0,0.0,0.0,0.0,0.0,0.0,0
3748,Biochemistry,4.0,8.0,0.0,0.0,0.0,5.0,0.0,0.0,0.0,0.0,0.0,0.0,0.0,0.0,1
3749,Mathematics,1.0,3.0,0.0,0.0,0.0,2.0,0.0,0.0,0.0,0.0,4.0,0.0,3.0,4.0,1
3786,Physics,2.0,0.0,0.0,0.0,0.0,0.0,0.0,0.0,7.0,4.0,0.0,0.0,0.0,0.0,0
3790,Economics,1.0,0.0,0.0,0.0,0.0,3.0,3.0,1.0,0.0,0.0,0.0,0.0,0.0,0.0,0
3800,Physics,0.0,0.0,0.0,0.0,0.0,0.0,0.0,0.0,0.0,5.0,0.0,0.0,0.0,0.0,1
3804,Economics,6.0,0.0,0.0,0.0,0.0,0.0,0.0,0.0,0.0,0.0,7.0,0.0,0.0,0.0,1
3822,Computer Science,0.0,5.0,0.0,0.0,8.0,4.0,0.0,0.0,0.0,0.0,0.0,0.0,0.0,0.0,1
3836,Computer Science,3.0,-5.0,0.0,-7.0,0.0,-4.0,0.0,0.0,0.0,0.0,0.0,0.0,0.0,0.0,0
3846,Statistics,1.0,0.0,0.0,3.0,0.0,2.0,0.0,0.0,0.0,0.0,0.0,0.0,0.0,0.0,1
3853,Meteorology,0.0,0.0,0.0,0.0,0.0,0.0,0.0,0.0,0.0,8.0,0.0,0.0,0.0,0.0,1
3860,Physics,0.0,0.0,0.0,0.0,0.0,0.0,0.0,0.0,0.0,6.0,0.0,0.0,0.0,0.0,1
3864,Mathematics,4.0,0.0,0.0,8.0,0.0,6.0,0.0,7.0,0.0,0.0,-7.0,0.0,8.0,0.0,0
3880,Statistics,4.0,7.0,0.0,0.0,0.0,5.0,0.0,0.0,0.0,0.0,0.0,0.0,0.0,0.0,0
3905,Biochemistry,0.0,0.0,0.0,0.0,0.0,8.0,0.0,0.0,0.0,0.0,0.0,0.0,0.0,0.0,0
3925,Mathematics,3.0,7.0,8.0,0.0,8.0,4.0,0.0,0.0,0.0,0.0,6.0,0.0,0.0,0.0,1
3938,Mathematics,4.0,0.0,0.0,0.0,0.0,-7.0,0.0,0.0,0.0,0.0,7.0,0.0,0.0,0.0,0
3951,Political Science,3.0,5.0,0.0,0.0,0.0,4.0,0.0,0.0,0.0,0.0,0.0,0.0,0.0,0.0,1
3958,Physics,2.0,0.0,0.0,0.0,0.0,2.0,0.0,0.0,0.0,3.0,0.0,0.0,0.0,0.0,0
4013,Physics,2.0,0.0,0.0,0.0,0.0,0.0,0.0,0.0,0.0,0.0,0.0,0.0,0.0,0.0,1
4028,Chemisty,4.0,0.0,0.0,0.0,0.0,5.0,0.0,0.0,0.0,0.0,0.0,0.0,7.0,0.0,1
4038,Mathematics,2.0,0.0,0.0,0.0,0.0,3.0,0.0,0.0,5.0,0.0,5.0,0.0,0.0,0.0,1
4086,Computer Science,2.0,0.0,0.0,0.0,0.0,4.0,0.0,0.0,0.0,0.0,0.0,0.0,0.0,0.0,0
4089,Physics,0.0,7.0,0.0,0.0,0.0,0.0,0.0,0.0,0.0,0.0,7.0,8.0,0.0,0.0,0
4108,Statistics,2.0,0.0,0.0,0.0,0.0,2.0,0.0,0.0,0.0,0.0,0.0,0.0,4.0,0.0,1
4112,Mathematics,0.0,0.0,0.0,0.0,0.0,1.0,0.0,0.0,0.0,0.0,1.0,2.0,0.0,0.0,1
4125,Mathematics,4.0,5.0,0.0,0.0,0.0,6.0,0.0,0.0,0.0,0.0,0.0,0.0,7.0,8.0,0
4147,Mathematics,8.0,0.0,0.0,0.0,0.0,0.0,0.0,0.0,0.0,0.0,0.0,0.0,0.0,0.0,0
4154,Mathematics,1.0,0.0,0.0,0.0,0.0,3.0,2.0,0.0,0.0,0.0,0.0,0.0,0.0,0.0,0
4156,Computer Science,3.0,0.0,0.0,0.0,0.0,0.0,0.0,0.0,0.0,0.0,0.0,0.0,0.0,0.0,0
4165,Computer Science,0.0,0.0,0.0,0.0,0.0,4.0,0.0,0.0,0.0,0.0,0.0,0.0,0.0,0.0,0
4170,Economics,5.0,0.0,0.0,0.0,0.0,0.0,0.0,0.0,0.0,0.0,0.0,0.0,0.0,0.0,0
4183,Statistics,4.0,0.0,0.0,0.0,0.0,6.0,0.0,0.0,0.0,0.0,8.0,0.0,0.0,0.0,0
4226,Computer Science,4.0,6.0,0.0,0.0,0.0,5.0,0.0,0.0,0.0,0.0,0.0,0.0,0.0,0.0,1
4263,Mathematics,-2.0,0.0,0.0,0.0,0.0,0.0,0.0,0.0,0.0,0.0,0.0,0.0,0.0,0.0,0
4264,Computer Science,0.0,0.0,0.0,0.0,6.0,4.0,0.0,0.0,0.0,0.0,0.0,0.0,0.0,0.0,1
4266,Physics,0.0,0.0,0.0,0.0,0.0,0.0,0.0,0.0,0.0,2.0,0.0,0.0,0.0,0.0,1
4299,Physics,0.0,0.0,0.0,0.0,0.0,0.0,0.0,0.0,0.0,8.0,0.0,0.0,0.0,0.0,1
4305,Statistics,2.0,0.0,0.0,7.0,0.0,3.0,0.0,0.0,0.0,0.0,0.0,0.0,0.0,0.0,1
4306,Computer Science,8.0,0.0,0.0,0.0,0.0,0.0,0.0,0.0,0.0,0.0,0.0,0.0,0.0,0.0,1
4321,Mathematics,3.0,5.0,0.0,0.0,0.0,4.0,0.0,0.0,0.0,0.0,7.0,0.0,5.0,6.0,1
4326,Data Science,0.0,4.0,0.0,5.0,4.0,3.0,6.0,0.0,0.0,0.0,5.0,0.0,0.0,0.0,1
4329,Statistics,8.0,0.0,0.0,0.0,0.0,0.0,0.0,0.0,0.0,0.0,0.0,0.0,0.0,0.0,1
4344,Mathematics,4.0,5.0,0.0,0.0,0.0,4.0,0.0,0.0,0.0,0.0,7.0,8.0,5.0,6.0,1
4346,Physics,0.0,0.0,0.0,0.0,0.0,0.0,0.0,0.0,0.0,6.0,0.0,0.0,0.0,0.0,1
4349,Statistics,0.0,0.0,0.0,0.0,0.0,4.0,0.0,0.0,0.0,0.0,5.0,0.0,0.0,0.0,1
4366,Chemisty,3.0,6.0,0.0,7.0,0.0,4.0,0.0,8.0,0.0,7.0,6.0,0.0,7.0,8.0,1
4368,Physics,0.0,0.0,0.0,0.0,0.0,0.0,0.0,0.0,0.0,5.0,0.0,0.0,0.0,0.0,0
4372,Computer Science,1.0,0.0,0.0,0.0,0.0,0.0,0.0,0.0,0.0,0.0,0.0,0.0,0.0,0.0,1
4384,Mathematics,4.0,-5.0,0.0,0.0,0.0,-4.0,0.0,0.0,0.0,0.0,0.0,0.0,5.0,0.0,0
4423,Mathematics,3.0,0.0,0.0,0.0,0.0,6.0,0.0,0.0,0.0,0.0,5.0,7.0,6.0,7.0,0
4439,Biology,3.0,0.0,0.0,0.0,0.0,0.0,0.0,0.0,0.0,0.0,0.0,0.0,0.0,0.0,0
4446,Mathematics,4.0,8.0,0.0,0.0,8.0,6.0,0.0,0.0,-7.0,0.0,-7.0,0.0,0.0,0.0,1
4447,Mathematics,2.0,4.0,0.0,7.0,6.0,3.0,0.0,6.0,0.0,0.0,3.0,0.0,3.0,4.0,1
4448,Mathematics,0.0,4.0,0.0,0.0,0.0,0.0,0.0,0.0,0.0,0.0,5.0,0.0,5.0,6.0,1
4451,Biochemistry,5.0,6.0,0.0,0.0,0.0,6.0,0.0,0.0,0.0,0.0,0.0,0.0,0.0,0.0,1
4460,Statistics,2.0,0.0,0.0,0.0,0.0,0.0,0.0,0.0,0.0,0.0,0.0,0.0,0.0,0.0,1
4477,Mathematics,3.0,0.0,0.0,0.0,0.0,5.0,0.0,0.0,0.0,0.0,8.0,0.0,0.0,0.0,1
4478,Physics,3.0,0.0,0.0,0.0,0.0,0.0,0.0,4.0,0.0,0.0,0.0,0.0,0.0,0.0,0
4494,Physics,2.0,6.0,0.0,0.0,0.0,3.0,0.0,0.0,0.0,4.0,0.0,0.0,0.0,0.0,1
4501,Mathematics,3.0,4.0,0.0,0.0,0.0,4.0,0.0,0.0,6.0,5.0,5.0,0.0,0.0,0.0,0
4511,Physics,0.0,0.0,0.0,0.0,0.0,0.0,0.0,0.0,0.0,3.0,0.0,0.0,0.0,0.0,1
4524,Mathematics,3.0,6.0,0.0,-7.0,8.0,4.0,0.0,8.0,0.0,7.0,7.0,0.0,0.0,0.0,0
4540,Physics,4.0,7.0,0.0,0.0,0.0,6.0,0.0,0.0,0.0,4.0,5.0,6.0,0.0,0.0,0
4546,Statistics,1.0,-2.0,0.0,0.0,2.0,1.0,0.0,0.0,0.0,0.0,0.0,0.0,0.0,0.0,0
4558,Statistics,-1.0,0.0,0.0,0.0,0.0,0.0,0.0,0.0,0.0,0.0,0.0,0.0,0.0,0.0,0
4560,Mathematics,0.0,4.0,0.0,3.0,4.0,3.0,0.0,4.0,0.0,3.0,-6.0,0.0,0.0,0.0,1
4573,Statistics,-3.0,6.0,0.0,0.0,0.0,6.0,0.0,0.0,7.0,0.0,7.0,8.0,0.0,0.0,1
4578,Mathematics,2.0,4.0,0.0,0.0,0.0,3.0,0.0,0.0,0.0,0.0,5.0,0.0,5.0,6.0,1
4585,Physics,4.0,0.0,0.0,0.0,0.0,6.0,0.0,0.0,0.0,-4.0,0.0,0.0,0.0,0.0,1
4592,Computer Science,0.0,0.0,0.0,0.0,0.0,4.0,0.0,0.0,0.0,0.0,0.0,0.0,0.0,0.0,0
4620,Statistics,0.0,0.0,0.0,0.0,0.0,0.0,0.0,0.0,0.0,0.0,7.0,0.0,0.0,0.0,1
4644,Mathematics,3.0,-5.0,0.0,5.0,8.0,-4.0,-8.0,0.0,0.0,0.0,6.0,0.0,-7.0,0.0,1
4664,Mathematics,3.0,5.0,0.0,0.0,0.0,4.0,0.0,0.0,0.0,6.0,6.0,0.0,7.0,8.0,0
4685,Mathematics,3.0,-5.0,0.0,0.0,0.0,4.0,0.0,0.0,0.0,0.0,6.0,0.0,5.0,6.0,1
4703,Physics,6.0,7.0,0.0,0.0,0.0,6.0,0.0,0.0,0.0,6.0,0.0,0.0,0.0,0.0,1
4710,Statistics,2.0,0.0,0.0,0.0,0.0,3.0,0.0,0.0,0.0,0.0,3.0,0.0,0.0,0.0,1
4726,Mathematics,5.0,8.0,0.0,0.0,8.0,-5.0,0.0,0.0,7.0,0.0,8.0,0.0,0.0,0.0,0
4739,Liberal Arts and Sciences,0.0,1.0,0.0,0.0,0.0,0.0,0.0,0.0,0.0,0.0,0.0,0.0,0.0,0.0,0
4755,Mathematics,6.0,7.0,0.0,0.0,8.0,6.0,0.0,0.0,0.0,0.0,7.0,0.0,7.0,8.0,1
4761,World Languages and Cultures,7.0,0.0,0.0,0.0,0.0,-7.0,0.0,0.0,0.0,0.0,0.0,0.0,0.0,0.0,1
4770,Mathematics,-2.0,5.0,0.0,0.0,0.0,4.0,0.0,0.0,7.0,0.0,-7.0,0.0,5.0,6.0,1
4775,Mathematics,-5.0,0.0,0.0,0.0,0.0,6.0,0.0,0.0,0.0,4.0,0.0,0.0,0.0,0.0,0
4780,Mathematics,0.0,0.0,0.0,0.0,0.0,0.0,0.0,0.0,0.0,0.0,-8.0,0.0,0.0,8.0,0
4806,Computer Science,2.0,8.0,0.0,0.0,0.0,3.0,0.0,0.0,0.0,2.0,0.0,0.0,0.0,0.0,1
4808,Liberal Arts and Sciences,4.0,0.0,0.0,0.0,0.0,5.0,0.0,0.0,0.0,0.0,0.0,0.0,0.0,0.0,0
4815,Mathematics,0.0,0.0,0.0,0.0,0.0,0.0,0.0,0.0,5.0,0.0,4.0,6.0,0.0,0.0,1
4818,Women’s and Gender Studies,4.0,0.0,0.0,0.0,0.0,0.0,0.0,0.0,0.0,0.0,0.0,0.0,0.0,0.0,1
4827,Mathematics,4.0,7.0,0.0,0.0,8.0,0.0,0.0,0.0,0.0,0.0,7.0,0.0,7.0,8.0,1
4882,Meteorology,0.0,0.0,0.0,0.0,0.0,0.0,0.0,0.0,0.0,5.0,0.0,0.0,0.0,0.0,1
4896,Mathematics,0.0,0.0,0.0,0.0,0.0,0.0,0.0,6.0,0.0,0.0,7.0,8.0,0.0,6.0,1
4907,Physics,2.0,0.0,0.0,0.0,0.0,3.0,0.0,0.0,0.0,4.0,0.0,0.0,0.0,0.0,1
4922,Physics,0.0,0.0,0.0,0.0,0.0,0.0,0.0,0.0,0.0,5.0,0.0,0.0,0.0,0.0,1
4930,Physics,0.0,0.0,0.0,0.0,0.0,0.0,0.0,0.0,0.0,4.0,0.0,0.0,0.0,0.0,1
4931,Computer Science,0.0,0.0,0.0,7.0,0.0,3.0,0.0,0.0,0.0,2.0,0.0,0.0,0.0,0.0,1
4933,Mathematics,5.0,7.0,0.0,0.0,0.0,6.0,0.0,0.0,0.0,0.0,0.0,0.0,7.0,8.0,0
4940,Statistics,0.0,-8.0,0.0,0.0,0.0,0.0,0.0,0.0,0.0,0.0,0.0,0.0,0.0,0.0,1
4942,Chemisty,6.0,0.0,0.0,0.0,0.0,7.0,0.0,0.0,0.0,0.0,0.0,0.0,0.0,0.0,1
4950,Statistics,2.0,0.0,0.0,0.0,0.0,3.0,0.0,0.0,5.0,0.0,0.0,0.0,0.0,0.0,1
4969,Mathematics,0.0,6.0,0.0,0.0,0.0,5.0,0.0,0.0,0.0,0.0,-7.0,0.0,-7.0,8.0,0
5049,Mathematics,3.0,5.0,0.0,0.0,0.0,4.0,0.0,0.0,0.0,0.0,7.0,0.0,5.0,6.0,1
5078,Physics,0.0,0.0,0.0,0.0,0.0,0.0,0.0,0.0,0.0,0.0,0.0,0.0,0.0,8.0,1
5083,Mathematics,3.0,0.0,0.0,0.0,0.0,4.0,0.0,0.0,0.0,0.0,6.0,0.0,0.0,0.0,1
5087,Computer Science,-1.0,5.0,0.0,0.0,0.0,0.0,-2.0,0.0,0.0,0.0,0.0,0.0,0.0,0.0,0
5101,Mathematics,4.0,6.0,0.0,0.0,0.0,5.0,0.0,0.0,0.0,0.0,7.0,0.0,7.0,8.0,0
5127,Mathematics,8.0,0.0,0.0,0.0,0.0,8.0,0.0,0.0,0.0,0.0,0.0,0.0,0.0,0.0,0
5128,Mathematics,2.0,4.0,6.0,3.0,0.0,6.0,0.0,0.0,0.0,3.0,3.0,0.0,0.0,4.0,1
5132,Mathematics,1.0,-3.0,0.0,3.0,4.0,2.0,0.0,0.0,5.0,0.0,3.0,0.0,0.0,0.0,1
5148,Statistics,4.0,0.0,0.0,7.0,0.0,5.0,0.0,0.0,0.0,0.0,6.0,0.0,0.0,0.0,1
5153,Biological/Medical Illustration,4.0,5.0,0.0,0.0,0.0,7.0,0.0,0.0,0.0,0.0,0.0,0.0,0.0,0.0,1
5162,Physics,0.0,0.0,0.0,0.0,0.0,0.0,0.0,0.0,0.0,4.0,0.0,0.0,0.0,0.0,1
5167,Physics,0.0,0.0,0.0,0.0,0.0,0.0,0.0,0.0,0.0,2.0,0.0,0.0,0.0,0.0,1
5175,Computer Science,1.0,3.0,4.0,0.0,2.0,2.0,4.0,0.0,0.0,0.0,2.0,0.0,0.0,0.0,1
5196,Bioinformatics and Computational Biology,3.0,5.0,0.0,0.0,6.0,4.0,0.0,0.0,0.0,0.0,5.0,0.0,0.0,0.0,1
5198,Mathematics,0.0,0.0,6.0,0.0,0.0,0.0,0.0,0.0,0.0,0.0,0.0,6.0,0.0,0.0,1
5200,Psychology,3.0,6.0,0.0,0.0,0.0,4.0,0.0,0.0,0.0,0.0,0.0,0.0,0.0,0.0,1
5202,Computer Science,0.0,3.0,0.0,5.0,6.0,2.0,4.0,2.0,0.0,0.0,3.0,4.0,0.0,0.0,0
5205,Statistics,4.0,0.0,0.0,0.0,0.0,5.0,0.0,0.0,0.0,0.0,0.0,0.0,0.0,0.0,0
5206,Mathematics,3.0,6.0,0.0,0.0,0.0,4.0,0.0,0.0,7.0,0.0,7.0,0.0,5.0,6.0,1
5212,Mathematics,2.0,0.0,0.0,0.0,4.0,3.0,0.0,0.0,0.0,0.0,0.0,0.0,0.0,0.0,1
5235,Computer Science,0.0,0.0,0.0,0.0,4.0,5.0,0.0,0.0,0.0,0.0,0.0,0.0,0.0,0.0,1
5246,Physics,0.0,0.0,0.0,0.0,0.0,0.0,0.0,0.0,0.0,-4.0,0.0,0.0,0.0,0.0,0
5247,Mathematics,0.0,5.0,0.0,0.0,0.0,4.0,0.0,0.0,0.0,0.0,7.0,0.0,5.0,6.0,1
5249,Economics,4.0,0.0,0.0,0.0,0.0,6.0,0.0,0.0,0.0,0.0,0.0,0.0,0.0,0.0,0
5255,History,2.0,4.0,0.0,0.0,0.0,5.0,0.0,0.0,0.0,0.0,0.0,0.0,0.0,0.0,1
5271,Statistics,4.0,0.0,0.0,0.0,0.0,5.0,0.0,0.0,0.0,0.0,0.0,0.0,0.0,0.0,1
5287,Economics,0.0,0.0,0.0,0.0,0.0,6.0,0.0,0.0,0.0,0.0,8.0,0.0,0.0,0.0,1
5292,Political Science,0.0,0.0,0.0,0.0,0.0,0.0,0.0,0.0,0.0,8.0,0.0,0.0,0.0,0.0,0
5294,Chemical Engineering,2.0,0.0,0.0,0.0,0.0,0.0,0.0,0.0,0.0,0.0,0.0,0.0,0.0,0.0,0
5301,Statistics,3.0,0.0,0.0,0.0,0.0,4.0,0.0,0.0,0.0,0.0,0.0,0.0,0.0,0.0,1
5307,Statistics,7.0,0.0,0.0,0.0,0.0,0.0,0.0,0.0,0.0,0.0,8.0,0.0,0.0,0.0,1
5313,Physics,0.0,0.0,0.0,0.0,0.0,0.0,0.0,0.0,0.0,4.0,0.0,0.0,0.0,0.0,1
5318,Economics,5.0,0.0,0.0,0.0,0.0,5.0,0.0,0.0,0.0,8.0,7.0,0.0,7.0,0.0,1
5328,Mathematics,1.0,4.0,0.0,0.0,0.0,2.0,0.0,0.0,3.0,1.0,3.0,0.0,0.0,0.0,1
5340,Mathematics,2.0,5.0,6.0,0.0,4.0,4.0,4.0,0.0,0.0,0.0,0.0,0.0,0.0,0.0,0
5436,Physics,0.0,0.0,0.0,0.0,0.0,0.0,0.0,0.0,0.0,4.0,0.0,0.0,0.0,0.0,1
5442,Physics,0.0,0.0,0.0,0.0,0.0,0.0,0.0,0.0,0.0,5.0,0.0,0.0,0.0,0.0,0
5473,Economics,0.0,0.0,0.0,0.0,0.0,0.0,0.0,0.0,0.0,0.0,0.0,8.0,0.0,0.0,1
5492,Mathematics,0.0,4.0,0.0,0.0,0.0,0.0,6.0,0.0,5.0,0.0,5.0,6.0,0.0,0.0,1
5510,Statistics,4.0,0.0,0.0,0.0,0.0,-5.0,0.0,0.0,0.0,0.0,0.0,0.0,0.0,0.0,0
5516,Statistics,4.0,0.0,0.0,0.0,8.0,5.0,0.0,0.0,0.0,0.0,0.0,0.0,0.0,0.0,1
5528,Mathematics,4.0,6.0,0.0,0.0,0.0,5.0,0.0,0.0,0.0,0.0,8.0,0.0,7.0,8.0,0
5532,Mathematics,0.0,0.0,0.0,0.0,0.0,0.0,0.0,0.0,0.0,0.0,0.0,0.0,5.0,6.0,1
5535,Mathematics,8.0,0.0,0.0,0.0,0.0,8.0,0.0,0.0,0.0,0.0,0.0,0.0,0.0,0.0,0
5545,Physics,0.0,0.0,0.0,0.0,0.0,0.0,0.0,0.0,0.0,1.0,0.0,0.0,0.0,0.0,1
5561,Mathematics,-3.0,0.0,0.0,0.0,0.0,0.0,0.0,0.0,0.0,0.0,0.0,0.0,0.0,0.0,0
5568,Computer Science,5.0,0.0,0.0,0.0,0.0,0.0,0.0,0.0,0.0,0.0,0.0,0.0,0.0,0.0,0
5575,Mathematics,3.0,0.0,0.0,0.0,0.0,7.0,0.0,0.0,0.0,0.0,8.0,0.0,0.0,8.0,0
5579,Sociology,0.0,8.0,0.0,0.0,0.0,0.0,0.0,0.0,0.0,0.0,0.0,0.0,0.0,0.0,0
5586,Mathematics,2.0,5.0,8.0,5.0,4.0,3.0,6.0,0.0,0.0,0.0,4.0,0.0,0.0,0.0,1
5587,Computer Science,3.0,8.0,0.0,0.0,0.0,4.0,0.0,0.0,0.0,0.0,0.0,0.0,0.0,0.0,1
5589,Mathematics,4.0,0.0,0.0,0.0,0.0,0.0,0.0,0.0,0.0,0.0,0.0,0.0,0.0,0.0,0
5597,Liberal Arts and Sciences,0.0,4.0,0.0,0.0,0.0,3.0,0.0,0.0,0.0,0.0,0.0,0.0,0.0,0.0,0
5599,Philosophy,5.0,0.0,0.0,0.0,0.0,0.0,0.0,0.0,0.0,-7.0,0.0,0.0,0.0,0.0,0
5603,Animal Science,-4.0,0.0,0.0,0.0,0.0,0.0,0.0,0.0,0.0,0.0,0.0,0.0,0.0,0.0,0
5642,Mathematics,-5.0,0.0,0.0,0.0,0.0,0.0,0.0,0.0,0.0,0.0,0.0,0.0,0.0,0.0,0
5645,Physics,4.0,0.0,0.0,0.0,0.0,8.0,0.0,0.0,0.0,7.0,0.0,0.0,0.0,0.0,0
5652,Mechanical Engineering,-3.0,4.0,0.0,0.0,0.0,0.0,0.0,0.0,0.0,0.0,0.0,0.0,0.0,0.0,0
5673,Finance,2.0,0.0,0.0,0.0,0.0,3.0,0.0,0.0,0.0,0.0,0.0,0.0,0.0,0.0,1
5678,Mathematics,1.0,3.0,4.0,5.0,0.0,2.0,2.0,0.0,0.0,2.0,3.0,4.0,0.0,0.0,1
5681,Physics,0.0,0.0,0.0,0.0,0.0,7.0,0.0,0.0,0.0,6.0,7.0,8.0,0.0,0.0,1
5684,Economics,5.0,0.0,0.0,0.0,0.0,5.0,0.0,0.0,0.0,0.0,8.0,0.0,0.0,0.0,1
5697,Statistics,3.0,-5.0,0.0,0.0,0.0,4.0,0.0,0.0,0.0,0.0,0.0,0.0,0.0,0.0,1
5722,Psychology,3.0,0.0,0.0,0.0,0.0,0.0,0.0,0.0,0.0,0.0,0.0,0.0,0.0,0.0,1
5723,Genetics,0.0,5.0,0.0,0.0,0.0,4.0,0.0,0.0,0.0,0.0,0.0,0.0,0.0,0.0,1
5747,Aerospace Engineering,2.0,0.0,0.0,0.0,0.0,0.0,0.0,0.0,0.0,0.0,0.0,0.0,0.0,0.0,0
5762,Liberal Arts and Sciences,1.0,0.0,0.0,0.0,0.0,0.0,0.0,0.0,0.0,0.0,0.0,0.0,0.0,0.0,0
5780,Mathematics,2.0,4.0,0.0,3.0,6.0,3.0,0.0,0.0,0.0,0.0,5.0,0.0,0.0,0.0,1
5785,Mathematics,2.0,5.0,6.0,7.0,0.0,3.0,6.0,8.0,0.0,0.0,0.0,0.0,5.0,6.0,1
5811,Physics,0.0,0.0,0.0,0.0,0.0,6.0,0.0,0.0,0.0,5.0,0.0,0.0,0.0,0.0,0
5813,Computer Science,0.0,0.0,0.0,0.0,0.0,5.0,0.0,0.0,0.0,0.0,0.0,0.0,0.0,0.0,1
5827,Biology,2.0,6.0,0.0,0.0,4.0,3.0,0.0,0.0,0.0,8.0,0.0,0.0,0.0,0.0,1
5854,Chemisty,1.0,0.0,0.0,0.0,0.0,2.0,0.0,0.0,0.0,0.0,0.0,0.0,0.0,0.0,1
5912,Mathematics,3.0,5.0,0.0,0.0,0.0,4.0,0.0,0.0,0.0,0.0,5.0,0.0,7.0,6.0,1
5927,Statistics,6.0,0.0,0.0,0.0,0.0,0.0,0.0,0.0,0.0,0.0,8.0,0.0,0.0,0.0,1
5937,Mathematics,0.0,-1.0,0.0,0.0,0.0,0.0,0.0,0.0,0.0,0.0,0.0,1.0,0.0,0.0,0
5947,Computer Science,-2.0,0.0,0.0,0.0,0.0,0.0,0.0,0.0,0.0,0.0,0.0,0.0,0.0,0.0,0
5954,Mathematics,1.0,0.0,0.0,0.0,0.0,2.0,0.0,0.0,0.0,0.0,0.0,0.0,0.0,0.0,0
5989,Physics,0.0,0.0,0.0,0.0,0.0,5.0,0.0,0.0,0.0,4.0,0.0,0.0,0.0,0.0,1
5992,Mathematics,4.0,0.0,0.0,0.0,0.0,6.0,0.0,0.0,0.0,0.0,0.0,0.0,7.0,8.0,0
6005,Computer Science,-2.0,0.0,0.0,0.0,0.0,0.0,0.0,0.0,0.0,0.0,0.0,0.0,0.0,0.0,0
6019,Statistics,2.0,0.0,0.0,0.0,0.0,-3.0,0.0,0.0,0.0,0.0,0.0,0.0,0.0,0.0,1
6032,Mathematics,1.0,3.0,4.0,0.0,0.0,2.0,0.0,0.0,0.0,0.0,0.0,4.0,0.0,0.0,1
6050,Mathematics,0.0,4.0,6.0,0.0,0.0,0.0,6.0,4.0,5.0,0.0,0.0,4.0,0.0,0.0,1
6052,Mathematics,3.0,5.0,0.0,0.0,0.0,4.0,0.0,0.0,0.0,0.0,7.0,0.0,5.0,6.0,1
6057,Mathematics,4.0,6.0,0.0,0.0,0.0,-5.0,0.0,0.0,0.0,0.0,-8.0,0.0,7.0,8.0,0
6117,Mathematics,5.0,0.0,0.0,0.0,0.0,6.0,0.0,0.0,0.0,7.0,8.0,0.0,0.0,0.0,1
6131,Statistics,0.0,0.0,0.0,0.0,0.0,-4.0,0.0,0.0,0.0,0.0,0.0,0.0,0.0,0.0,1
6132,Technical Communication,-3.0,0.0,0.0,0.0,0.0,0.0,0.0,0.0,0.0,0.0,0.0,0.0,0.0,0.0,1
6135,Statistics,0.0,0.0,0.0,0.0,0.0,-5.0,0.0,0.0,0.0,0.0,0.0,0.0,0.0,0.0,1
6202,Interior Design,2.0,0.0,0.0,0.0,0.0,2.0,0.0,0.0,0.0,0.0,0.0,0.0,0.0,0.0,0
6205,Mathematics,2.0,4.0,0.0,3.0,4.0,3.0,6.0,8.0,0.0,0.0,7.0,0.0,0.0,0.0,1
6212,Statistics,3.0,0.0,0.0,0.0,0.0,0.0,0.0,0.0,0.0,0.0,0.0,0.0,0.0,0.0,1
6228,Physics,3.0,0.0,0.0,0.0,0.0,6.0,0.0,0.0,0.0,4.0,0.0,0.0,0.0,0.0,0
6251,Liberal Arts and Sciences,8.0,0.0,0.0,0.0,0.0,0.0,0.0,0.0,0.0,0.0,0.0,0.0,0.0,0.0,0
6278,Physics,8.0,0.0,0.0,0.0,0.0,0.0,0.0,0.0,0.0,6.0,0.0,0.0,0.0,0.0,0
6288,Computer Science,3.0,4.0,0.0,0.0,0.0,3.0,0.0,-4.0,0.0,0.0,0.0,0.0,0.0,0.0,0
6330,Physics,2.0,0.0,0.0,0.0,6.0,0.0,0.0,8.0,0.0,5.0,0.0,0.0,0.0,0.0,0
6335,Physics,0.0,0.0,0.0,0.0,0.0,0.0,0.0,0.0,0.0,3.0,0.0,0.0,0.0,0.0,0
6343,Liberal Arts and Sciences,1.0,0.0,0.0,0.0,0.0,2.0,0.0,0.0,0.0,0.0,0.0,0.0,0.0,0.0,0
6373,Liberal Arts and Sciences,1.0,2.0,0.0,0.0,0.0,0.0,0.0,0.0,0.0,0.0,0.0,0.0,0.0,0.0,0
6377,Mathematics,1.0,3.0,0.0,0.0,0.0,2.0,0.0,0.0,0.0,0.0,4.0,0.0,4.0,5.0,1
6378,Mathematics,3.0,5.0,0.0,5.0,4.0,4.0,4.0,0.0,0.0,0.0,5.0,0.0,0.0,0.0,1
6419,Mathematics,4.0,6.0,0.0,7.0,0.0,4.0,0.0,0.0,0.0,0.0,5.0,0.0,7.0,-8.0,1
6426,Mathematics,-3.0,0.0,0.0,0.0,0.0,0.0,0.0,0.0,0.0,0.0,0.0,0.0,0.0,0.0,0
6442,Computer Science,4.0,7.0,0.0,0.0,8.0,6.0,4.0,0.0,0.0,0.0,0.0,0.0,0.0,0.0,1
6456,Mathematics,1.0,3.0,0.0,0.0,0.0,2.0,2.0,0.0,0.0,2.0,3.0,6.0,0.0,0.0,1
6461,Mathematics,2.0,4.0,0.0,0.0,0.0,3.0,0.0,0.0,0.0,0.0,0.0,0.0,0.0,0.0,0
6490,Physics,0.0,0.0,0.0,0.0,0.0,0.0,0.0,0.0,0.0,6.0,0.0,0.0,0.0,0.0,0
6507,Mathematics,3.0,0.0,0.0,0.0,0.0,5.0,0.0,0.0,0.0,0.0,5.0,0.0,0.0,0.0,1
6520,Mathematics,0.0,5.0,0.0,0.0,0.0,4.0,0.0,0.0,0.0,0.0,0.0,0.0,0.0,0.0,0
6527,Mathematics,4.0,0.0,0.0,0.0,0.0,6.0,0.0,0.0,0.0,0.0,-5.0,0.0,0.0,0.0,1
6550,Data Science,0.0,-5.0,0.0,0.0,8.0,4.0,0.0,0.0,0.0,0.0,8.0,0.0,0.0,0.0,0
6560,Mathematics,3.0,-7.0,0.0,0.0,6.0,5.0,6.0,0.0,0.0,0.0,0.0,0.0,0.0,0.0,1
6566,Physics,0.0,0.0,0.0,0.0,0.0,8.0,0.0,0.0,0.0,5.0,0.0,0.0,0.0,0.0,1
6573,Mathematics,3.0,-5.0,0.0,0.0,-4.0,-4.0,8.0,0.0,0.0,0.0,-5.0,0.0,-7.0,0.0,1
6607,Physics,0.0,0.0,0.0,0.0,0.0,0.0,0.0,0.0,0.0,4.0,0.0,0.0,0.0,0.0,0
6608,Aerospace Engineering,4.0,0.0,0.0,0.0,0.0,4.0,0.0,0.0,0.0,0.0,0.0,0.0,0.0,0.0,0
6617,Architecture,2.0,0.0,0.0,0.0,0.0,0.0,0.0,0.0,0.0,0.0,0.0,0.0,0.0,0.0,0
6625,Physics,0.0,0.0,0.0,0.0,0.0,0.0,0.0,0.0,0.0,2.0,0.0,0.0,0.0,0.0,1
6640,Mathematics,3.0,5.0,0.0,5.0,6.0,-4.0,6.0,0.0,0.0,0.0,-7.0,-8.0,-7.0,0.0,1
6674,Linguistics,0.0,7.0,0.0,0.0,0.0,0.0,0.0,0.0,0.0,0.0,0.0,0.0,0.0,0.0,1
6680,Physics,2.0,0.0,0.0,0.0,0.0,-7.0,0.0,0.0,0.0,4.0,0.0,0.0,0.0,0.0,1
6687,Computer Science,3.0,5.0,0.0,7.0,8.0,4.0,0.0,0.0,0.0,0.0,0.0,0.0,0.0,0.0,1
6712,Chemisty,6.0,0.0,0.0,0.0,0.0,6.0,0.0,0.0,0.0,0.0,0.0,0.0,0.0,0.0,1
6714,Physics,0.0,0.0,0.0,0.0,0.0,0.0,0.0,0.0,0.0,-1.0,0.0,0.0,0.0,0.0,1
6716,Liberal Arts and Sciences,4.0,0.0,0.0,0.0,0.0,0.0,0.0,0.0,0.0,0.0,0.0,0.0,0.0,0.0,0
6763,Industrial Technology,1.0,0.0,0.0,0.0,0.0,0.0,0.0,0.0,0.0,0.0,0.0,0.0,0.0,0.0,1
6765,Physics,4.0,0.0,0.0,0.0,0.0,0.0,0.0,0.0,0.0,3.0,0.0,0.0,0.0,0.0,1
6769,Statistics,2.0,0.0,0.0,0.0,0.0,3.0,0.0,0.0,0.0,0.0,0.0,0.0,0.0,0.0,1
6794,Statistics,4.0,0.0,0.0,0.0,0.0,5.0,0.0,0.0,0.0,0.0,0.0,0.0,0.0,0.0,1
6797,Mathematics,4.0,5.0,0.0,7.0,6.0,0.0,0.0,0.0,5.0,0.0,6.0,0.0,0.0,0.0,1
6804,Computer Science,0.0,0.0,0.0,0.0,0.0,7.0,0.0,0.0,0.0,0.0,0.0,0.0,0.0,0.0,0
6816,Computer Science,2.0,7.0,0.0,0.0,0.0,6.0,0.0,0.0,0.0,3.0,0.0,0.0,0.0,0.0,1
6860,Music,1.0,0.0,0.0,0.0,-2.0,5.0,6.0,0.0,0.0,0.0,0.0,0.0,0.0,0.0,1
6872,Statistics,1.0,0.0,0.0,0.0,0.0,0.0,0.0,0.0,0.0,0.0,2.0,4.0,0.0,0.0,1
6882,Meteorology,0.0,0.0,0.0,0.0,0.0,0.0,0.0,0.0,0.0,7.0,0.0,0.0,0.0,0.0,1
6883,Aerospace Engineering,2.0,3.0,0.0,0.0,0.0,2.0,0.0,0.0,0.0,0.0,0.0,0.0,0.0,0.0,1
6902,Mathematics,0.0,5.0,0.0,0.0,0.0,4.0,0.0,6.0,0.0,5.0,5.0,6.0,0.0,0.0,1
6935,Mathematics,0.0,8.0,0.0,0.0,0.0,6.0,0.0,0.0,0.0,0.0,8.0,0.0,7.0,8.0,0
6946,Computer Science,2.0,0.0,0.0,0.0,0.0,0.0,0.0,0.0,0.0,0.0,0.0,0.0,0.0,0.0,1
6961,Mathematics,2.0,3.0,4.0,5.0,0.0,2.0,0.0,0.0,0.0,4.0,3.0,4.0,5.0,0.0,1
6962,Computer Science,0.0,0.0,0.0,0.0,0.0,0.0,8.0,0.0,0.0,0.0,8.0,0.0,0.0,0.0,1
6972,Computer Science,0.0,0.0,0.0,0.0,-4.0,0.0,0.0,0.0,0.0,0.0,0.0,0.0,0.0,0.0,1
6985,Computer Science,4.0,2.0,0.0,5.0,2.0,1.0,0.0,4.0,0.0,0.0,3.0,0.0,0.0,0.0,1
7009,Mathematics,8.0,0.0,0.0,0.0,0.0,7.0,0.0,0.0,0.0,0.0,0.0,0.0,0.0,0.0,0
7025,Mathematics,8.0,-3.0,0.0,0.0,0.0,2.0,0.0,2.0,0.0,5.0,3.0,0.0,0.0,0.0,0
7031,Comunication Studies,-3.0,0.0,0.0,0.0,0.0,0.0,0.0,0.0,0.0,0.0,0.0,0.0,0.0,0.0,0
7051,Physics,0.0,0.0,0.0,0.0,0.0,0.0,0.0,0.0,0.0,3.0,0.0,0.0,0.0,0.0,0
7074,Mathematics,1.0,4.0,0.0,0.0,0.0,2.0,2.0,4.0,0.0,0.0,3.0,4.0,0.0,0.0,1
7089,Statistics,0.0,0.0,0.0,0.0,0.0,0.0,0.0,8.0,0.0,0.0,0.0,0.0,0.0,0.0,0
7093,Mathematics,3.0,0.0,0.0,0.0,0.0,4.0,0.0,0.0,7.0,0.0,5.0,0.0,0.0,0.0,1
7116,Mathematics,0.0,6.0,0.0,7.0,8.0,0.0,0.0,0.0,7.0,0.0,8.0,0.0,7.0,8.0,1
7159,Statistics,0.0,0.0,0.0,0.0,0.0,0.0,0.0,0.0,0.0,0.0,8.0,0.0,0.0,0.0,1
7162,Mathematics,0.0,4.0,0.0,0.0,5.0,3.0,0.0,0.0,0.0,6.0,4.0,5.0,4.0,5.0,1
7187,Economics,2.0,0.0,0.0,0.0,0.0,4.0,0.0,0.0,0.0,0.0,3.0,0.0,0.0,0.0,1
7212,Statistics,7.0,0.0,0.0,0.0,0.0,8.0,0.0,0.0,0.0,0.0,0.0,0.0,0.0,0.0,0
7221,Women’s and Gender Studies,3.0,6.0,0.0,0.0,0.0,4.0,8.0,0.0,7.0,0.0,0.0,0.0,7.0,-8.0,0
7241,Mathematics,6.0,8.0,0.0,0.0,0.0,7.0,0.0,6.0,0.0,0.0,0.0,0.0,0.0,0.0,0
7245,Geology,0.0,6.0,0.0,0.0,0.0,0.0,0.0,8.0,7.0,8.0,0.0,0.0,0.0,0.0,1
7255,Mathematics,0.0,0.0,0.0,0.0,0.0,0.0,0.0,0.0,0.0,0.0,7.0,0.0,0.0,6.0,1
7257,Mathematics,0.0,7.0,0.0,0.0,0.0,0.0,0.0,0.0,0.0,0.0,7.0,0.0,0.0,0.0,1
7268,Physics,4.0,0.0,0.0,0.0,0.0,-4.0,0.0,0.0,0.0,0.0,0.0,0.0,0.0,0.0,0
7329,Political Science,8.0,0.0,0.0,0.0,0.0,0.0,0.0,0.0,0.0,0.0,0.0,0.0,0.0,0.0,0
7334,Mathematics,2.0,4.0,0.0,3.0,4.0,3.0,0.0,0.0,5.0,0.0,0.0,0.0,0.0,0.0,1
7342,Sociology,6.0,0.0,0.0,0.0,0.0,7.0,0.0,0.0,0.0,0.0,0.0,0.0,0.0,0.0,1
7343,Computer Science,0.0,0.0,0.0,0.0,7.0,0.0,0.0,0.0,0.0,0.0,0.0,0.0,0.0,0.0,1
7354,Mathematics,3.0,5.0,8.0,0.0,0.0,4.0,0.0,8.0,0.0,7.0,4.0,0.0,0.0,0.0,0
7357,Mathematics,0.0,7.0,5.0,0.0,0.0,7.0,-5.0,0.0,0.0,0.0,0.0,0.0,0.0,0.0,1
7359,Interdisciplinary Studies,-6.0,0.0,0.0,0.0,0.0,0.0,0.0,0.0,0.0,0.0,0.0,0.0,0.0,0.0,0
7373,Mathematics,4.0,5.0,0.0,0.0,0.0,4.0,0.0,0.0,0.0,0.0,0.0,0.0,7.0,8.0,0
7391,Mathematics,0.0,8.0,0.0,0.0,0.0,0.0,0.0,0.0,0.0,0.0,0.0,0.0,0.0,0.0,0
7414,Physics,2.0,0.0,0.0,0.0,0.0,8.0,4.0,0.0,0.0,4.0,0.0,0.0,0.0,0.0,0
7420,English,2.0,6.0,0.0,0.0,0.0,5.0,0.0,0.0,5.0,0.0,0.0,0.0,0.0,0.0,1
7441,Computer Science,3.0,0.0,0.0,0.0,0.0,0.0,0.0,0.0,0.0,0.0,0.0,0.0,0.0,0.0,1
7473,Computer Science,0.0,-5.0,0.0,5.0,6.0,4.0,0.0,0.0,0.0,0.0,5.0,0.0,0.0,0.0,0
7479,Physics,0.0,0.0,0.0,0.0,0.0,0.0,0.0,0.0,0.0,4.0,0.0,0.0,0.0,0.0,0
7522,Statistics,0.0,0.0,0.0,0.0,0.0,0.0,0.0,0.0,0.0,0.0,5.0,6.0,0.0,0.0,1
7532,Mathematics,0.0,5.0,0.0,0.0,0.0,0.0,0.0,5.0,0.0,0.0,6.0,0.0,0.0,5.0,1
7594,Computer Science,5.0,0.0,0.0,0.0,0.0,0.0,0.0,0.0,0.0,0.0,0.0,0.0,0.0,0.0,0
7610,Liberal Arts and Sciences,0.0,0.0,0.0,0.0,0.0,0.0,1.0,1.0,0.0,0.0,0.0,0.0,0.0,0.0,0
7615,Business Administration,-5.0,0.0,0.0,0.0,0.0,0.0,0.0,0.0,0.0,0.0,0.0,0.0,0.0,0.0,0
7625,Mathematics,3.0,0.0,0.0,0.0,0.0,0.0,0.0,0.0,0.0,0.0,0.0,0.0,0.0,0.0,0
7636,Liberal Arts and Sciences,1.0,0.0,0.0,0.0,2.0,2.0,0.0,0.0,0.0,0.0,2.0,0.0,0.0,0.0,0
7640,Computer Science,1.0,4.0,6.0,7.0,0.0,3.0,0.0,0.0,0.0,0.0,0.0,0.0,0.0,0.0,1
7646,Liberal Arts and Sciences,0.0,0.0,0.0,0.0,0.0,0.0,0.0,2.0,0.0,0.0,0.0,0.0,0.0,0.0,0
7664,Mathematics,3.0,0.0,0.0,0.0,6.0,-4.0,0.0,0.0,5.0,0.0,0.0,0.0,0.0,0.0,1
7670,Mathematics,3.0,4.0,0.0,0.0,0.0,5.0,0.0,0.0,0.0,4.0,5.0,6.0,0.0,0.0,0
7684,Elementary Education,0.0,0.0,0.0,0.0,0.0,4.0,0.0,0.0,0.0,0.0,0.0,0.0,0.0,0.0,0
7692,Computer Science,5.0,7.0,8.0,0.0,0.0,0.0,0.0,0.0,0.0,0.0,-5.0,0.0,0.0,0.0,0
7711,Physics,0.0,0.0,0.0,0.0,0.0,0.0,0.0,0.0,0.0,6.0,0.0,0.0,0.0,0.0,0
7726,Materials Engineering,5.0,0.0,0.0,0.0,0.0,0.0,0.0,0.0,0.0,0.0,0.0,0.0,0.0,0.0,0
7733,Linguistics,3.0,5.0,0.0,0.0,8.0,4.0,0.0,0.0,0.0,0.0,6.0,0.0,5.0,6.0,1
7735,Computer Science,3.0,0.0,0.0,0.0,0.0,0.0,0.0,0.0,0.0,0.0,0.0,0.0,0.0,0.0,0
7744,Psychology,2.0,0.0,0.0,0.0,0.0,0.0,0.0,0.0,0.0,0.0,0.0,0.0,0.0,0.0,1
7745,Statistics,4.0,0.0,0.0,0.0,0.0,5.0,0.0,0.0,0.0,0.0,7.0,0.0,0.0,0.0,1
7760,Mathematics,0.0,6.0,0.0,0.0,0.0,4.0,0.0,0.0,0.0,0.0,-7.0,8.0,0.0,0.0,0
7768,Mathematics,6.0,-7.0,0.0,0.0,0.0,6.0,0.0,0.0,0.0,0.0,7.0,0.0,7.0,8.0,1
7778,Meteorology,0.0,0.0,0.0,0.0,0.0,0.0,0.0,0.0,0.0,6.0,0.0,0.0,0.0,0.0,1
7785,Mathematics,7.0,0.0,0.0,0.0,0.0,8.0,0.0,0.0,0.0,0.0,0.0,0.0,0.0,0.0,0
7788,Mathematics,3.0,5.0,0.0,0.0,0.0,3.0,0.0,0.0,7.0,7.0,5.0,8.0,7.0,0.0,1
7804,Computer Science,0.0,0.0,0.0,0.0,0.0,5.0,0.0,0.0,0.0,0.0,0.0,0.0,0.0,0.0,0
7809,Mechanical Engineering,2.0,0.0,0.0,0.0,0.0,0.0,0.0,0.0,0.0,0.0,0.0,0.0,0.0,0.0,1
7810,Mathematics,2.0,4.0,0.0,0.0,0.0,3.0,0.0,0.0,0.0,0.0,7.0,0.0,5.0,6.0,1
7819,Mathematics,0.0,5.0,0.0,0.0,0.0,4.0,0.0,6.0,0.0,0.0,-5.0,0.0,5.0,6.0,1
7827,Mathematics,4.0,7.0,0.0,7.0,0.0,5.0,0.0,0.0,0.0,0.0,8.0,0.0,5.0,8.0,1
7829,Mathematics,6.0,0.0,0.0,0.0,0.0,-7.0,0.0,0.0,0.0,0.0,7.0,0.0,-7.0,0.0,0
7832,Statistics,-4.0,0.0,0.0,0.0,0.0,0.0,0.0,0.0,0.0,0.0,0.0,0.0,0.0,0.0,1
7833,Statistics,6.0,0.0,0.0,0.0,0.0,0.0,0.0,0.0,0.0,0.0,7.0,0.0,0.0,0.0,1
7837,Mathematics,0.0,1.0,2.0,0.0,0.0,0.0,0.0,0.0,0.0,0.0,0.0,0.0,3.0,0.0,1
7850,Mathematics,2.0,0.0,0.0,0.0,-6.0,4.0,0.0,0.0,0.0,0.0,0.0,0.0,5.0,0.0,1
7853,Mathematics,0.0,0.0,0.0,0.0,0.0,0.0,0.0,0.0,0.0,0.0,0.0,8.0,0.0,0.0,1
7854,Computer Science,0.0,0.0,0.0,0.0,-8.0,-4.0,-8.0,0.0,0.0,0.0,0.0,0.0,0.0,0.0,1
7868,Statistics,4.0,0.0,0.0,0.0,0.0,7.0,0.0,0.0,0.0,0.0,0.0,0.0,0.0,0.0,0
7872,Statistics,5.0,0.0,0.0,0.0,0.0,8.0,0.0,0.0,8.0,0.0,6.0,7.0,0.0,0.0,1
7882,Mathematics,0.0,0.0,0.0,0.0,0.0,0.0,6.0,0.0,0.0,0.0,8.0,0.0,0.0,6.0,1
7904,Mathematics,4.0,0.0,0.0,7.0,0.0,5.0,0.0,0.0,0.0,0.0,-6.0,0.0,0.0,0.0,1
7923,Mathematics,1.0,3.0,0.0,0.0,0.0,2.0,0.0,2.0,0.0,0.0,4.0,0.0,3.0,4.0,1
7926,Mathematics,2.0,4.0,0.0,7.0,8.0,3.0,0.0,0.0,0.0,0.0,5.0,0.0,0.0,0.0,1
7955,Liberal Arts and Sciences,4.0,0.0,0.0,0.0,0.0,0.0,0.0,0.0,0.0,0.0,0.0,0.0,0.0,0.0,0
7962,Biochemistry,4.0,0.0,0.0,0.0,0.0,7.0,0.0,0.0,0.0,0.0,0.0,0.0,0.0,0.0,1
7964,Liberal Arts and Sciences,0.0,0.0,0.0,0.0,0.0,0.0,0.0,6.0,0.0,3.0,0.0,0.0,0.0,0.0,0
8071,Statistics,0.0,5.0,0.0,0.0,0.0,4.0,0.0,0.0,7.0,0.0,6.0,0.0,5.0,6.0,1
8083,Liberal Arts and Sciences,0.0,0.0,0.0,0.0,0.0,0.0,0.0,0.0,0.0,0.0,0.0,0.0,1.0,0.0,0
8084,Mathematics,4.0,7.0,0.0,7.0,-6.0,5.0,0.0,6.0,0.0,7.0,7.0,0.0,5.0,0.0,1
8090,Meteorology,3.0,0.0,0.0,0.0,0.0,5.0,0.0,0.0,7.0,0.0,0.0,0.0,0.0,0.0,1
8104,Mathematics,4.0,6.0,0.0,0.0,0.0,5.0,0.0,0.0,0.0,0.0,-7.0,0.0,7.0,8.0,1
8108,Mathematics,8.0,4.0,0.0,0.0,4.0,3.0,0.0,0.0,0.0,0.0,5.0,0.0,5.0,6.0,1
8132,Mathematics,0.0,5.0,0.0,5.0,0.0,4.0,0.0,0.0,7.0,0.0,5.0,6.0,5.0,0.0,1
8142,Mathematics,3.0,5.0,0.0,0.0,0.0,4.0,0.0,0.0,0.0,0.0,7.0,0.0,5.0,6.0,1
8169,Mathematics,0.0,0.0,0.0,0.0,0.0,4.0,0.0,0.0,7.0,0.0,8.0,0.0,0.0,0.0,1
8186,Physics,0.0,0.0,0.0,0.0,0.0,0.0,0.0,0.0,0.0,3.0,0.0,0.0,0.0,0.0,1
8190,Mathematics,2.0,5.0,0.0,0.0,0.0,3.0,0.0,0.0,4.0,3.0,5.0,0.0,4.0,0.0,1
8211,Mathematics,1.0,-6.0,0.0,0.0,0.0,4.0,0.0,0.0,0.0,0.0,7.0,0.0,6.0,5.0,0
8243,Bioinformatics and Computational Biology,0.0,8.0,0.0,0.0,0.0,0.0,0.0,0.0,0.0,0.0,0.0,0.0,0.0,0.0,1
8251,Mathematics,2.0,6.0,0.0,0.0,0.0,4.0,8.0,4.0,0.0,0.0,5.0,0.0,5.0,6.0,1
8273,Mathematics,7.0,0.0,0.0,0.0,0.0,-8.0,0.0,0.0,0.0,0.0,0.0,0.0,0.0,-8.0,0
8278,Data Science,3.0,0.0,0.0,0.0,0.0,0.0,0.0,0.0,0.0,0.0,0.0,0.0,0.0,0.0,0
8290,Mathematics,3.0,5.0,0.0,0.0,0.0,4.0,0.0,0.0,0.0,0.0,6.0,0.0,5.0,6.0,1
8293,Mathematics,4.0,6.0,0.0,0.0,0.0,5.0,0.0,0.0,0.0,0.0,0.0,0.0,0.0,0.0,0
8312,Computer Science,2.0,5.0,0.0,5.0,6.0,4.0,6.0,8.0,0.0,0.0,7.0,0.0,0.0,0.0,1
8313,Mathematics,6.0,5.0,7.0,0.0,5.0,4.0,0.0,0.0,6.0,0.0,7.0,0.0,6.0,0.0,1
8318,Environmental Science,7.0,-8.0,0.0,0.0,0.0,8.0,0.0,0.0,0.0,0.0,0.0,0.0,0.0,0.0,1
8322,Mathematics,0.0,0.0,0.0,0.0,6.0,0.0,0.0,6.0,0.0,4.0,0.0,4.0,0.0,0.0,1
8335,Computer Science,0.0,0.0,0.0,0.0,8.0,8.0,0.0,0.0,0.0,0.0,0.0,0.0,0.0,0.0,0
8356,Economics,5.0,0.0,0.0,0.0,0.0,5.0,0.0,0.0,7.0,0.0,-8.0,0.0,0.0,0.0,0
8361,World Languages and Cultures,0.0,0.0,0.0,0.0,0.0,0.0,0.0,0.0,0.0,4.0,0.0,0.0,0.0,0.0,0
8378,Computer Science,2.0,4.0,0.0,5.0,0.0,3.0,0.0,0.0,7.0,0.0,7.0,0.0,0.0,0.0,0
8411,Computer Science,2.0,6.0,8.0,5.0,8.0,5.0,8.0,8.0,0.0,0.0,7.0,0.0,0.0,0.0,1
8418,Mathematics,-7.0,8.0,0.0,0.0,0.0,6.0,0.0,-8.0,7.0,0.0,0.0,0.0,0.0,0.0,0
8426,Mathematics,4.0,0.0,0.0,0.0,0.0,6.0,0.0,0.0,5.0,0.0,5.0,6.0,0.0,0.0,1
8430,Mathematics,7.0,0.0,0.0,0.0,0.0,0.0,0.0,0.0,0.0,0.0,0.0,0.0,0.0,0.0,0
8439,Mathematics,2.0,4.0,0.0,0.0,4.0,3.0,0.0,6.0,5.0,0.0,5.0,0.0,0.0,0.0,1
8449,Mathematics,1.0,0.0,0.0,0.0,0.0,0.0,0.0,0.0,0.0,0.0,0.0,0.0,0.0,0.0,0
8473,Mathematics,3.0,-7.0,0.0,0.0,0.0,4.0,0.0,0.0,0.0,0.0,7.0,0.0,5.0,6.0,1
8482,Mathematics,0.0,-7.0,0.0,0.0,0.0,0.0,0.0,0.0,0.0,7.0,-6.0,0.0,-7.0,-8.0,1
8494,Computer Science,4.0,4.0,6.0,3.0,6.0,0.0,4.0,0.0,0.0,0.0,0.0,0.0,0.0,0.0,1
8497,Mathematics,4.0,-6.0,0.0,0.0,0.0,6.0,0.0,0.0,0.0,0.0,-8.0,0.0,-7.0,-8.0,0
8517,Physics,2.0,5.0,0.0,0.0,0.0,3.0,0.0,6.0,0.0,5.0,0.0,0.0,7.0,4.0,1
8518,Mathematics,3.0,5.0,6.0,0.0,8.0,7.0,0.0,0.0,5.0,0.0,8.0,0.0,5.0,0.0,0
8529,Mathematics,2.0,5.0,0.0,0.0,0.0,3.0,0.0,0.0,0.0,0.0,4.0,0.0,3.0,4.0,1
8541,Computer Science,3.0,5.0,0.0,0.0,0.0,4.0,0.0,0.0,0.0,0.0,0.0,0.0,0.0,0.0,0
8551,Mathematics,3.0,0.0,0.0,0.0,0.0,-3.0,0.0,0.0,0.0,0.0,0.0,0.0,0.0,0.0,0
8571,Statistics,1.0,0.0,0.0,0.0,0.0,2.0,0.0,0.0,0.0,0.0,5.0,0.0,0.0,0.0,1
8573,Accounting,3.0,0.0,0.0,0.0,0.0,0.0,0.0,0.0,0.0,0.0,0.0,0.0,0.0,0.0,1
8591,World Languages and Cultures,3.0,0.0,0.0,0.0,4.0,4.0,4.0,0.0,0.0,0.0,0.0,0.0,0.0,0.0,1
8594,Mathematics,3.0,0.0,0.0,0.0,0.0,4.0,0.0,0.0,5.0,0.0,-5.0,0.0,0.0,0.0,1
8596,Computer Science,0.0,0.0,0.0,0.0,4.0,5.0,0.0,0.0,0.0,0.0,0.0,0.0,0.0,0.0,1
8603,Biochemistry,8.0,0.0,0.0,0.0,0.0,0.0,0.0,0.0,0.0,0.0,0.0,0.0,0.0,0.0,1
8623,Computer Science,2.0,7.0,0.0,0.0,4.0,0.0,0.0,0.0,5.0,0.0,6.0,0.0,0.0,0.0,1
8661,Mathematics,0.0,0.0,0.0,0.0,0.0,0.0,0.0,0.0,0.0,0.0,0.0,6.0,0.0,0.0,1
8667,Economics,2.0,0.0,0.0,0.0,0.0,3.0,0.0,0.0,0.0,0.0,3.0,0.0,0.0,0.0,1
8677,Statistics,3.0,0.0,0.0,0.0,0.0,0.0,0.0,0.0,0.0,0.0,0.0,0.0,0.0,0.0,1
8682,Physics,0.0,0.0,0.0,0.0,0.0,0.0,0.0,6.0,0.0,0.0,0.0,0.0,0.0,0.0,1
8692,Mathematics,3.0,7.0,0.0,0.0,0.0,4.0,0.0,0.0,0.0,0.0,7.0,0.0,5.0,6.0,1
8695,Computer Engineering,2.0,0.0,0.0,0.0,0.0,0.0,0.0,0.0,0.0,0.0,0.0,0.0,0.0,0.0,1
8722,Computer Science,1.0,0.0,0.0,0.0,0.0,0.0,0.0,0.0,0.0,0.0,0.0,0.0,0.0,0.0,1
8729,Mathematics,5.0,8.0,0.0,0.0,0.0,6.0,0.0,0.0,0.0,8.0,8.0,0.0,7.0,8.0,1
8734,Statistics,3.0,0.0,0.0,0.0,0.0,7.0,0.0,0.0,0.0,0.0,0.0,0.0,0.0,0.0,0
8737,Finance,2.0,0.0,0.0,0.0,0.0,4.0,0.0,0.0,0.0,0.0,0.0,0.0,0.0,0.0,0
8739,Mathematics,2.0,4.0,0.0,0.0,0.0,3.0,0.0,0.0,0.0,0.0,5.0,6.0,0.0,0.0,1
8742,Physics,3.0,8.0,0.0,0.0,0.0,6.0,0.0,0.0,0.0,5.0,0.0,0.0,0.0,0.0,1
8745,Economics,0.0,0.0,0.0,0.0,0.0,0.0,0.0,0.0,0.0,0.0,3.0,0.0,0.0,0.0,1
8760,Physics,0.0,0.0,0.0,0.0,0.0,0.0,0.0,0.0,0.0,6.0,0.0,0.0,0.0,0.0,0
8775,Chemisty,0.0,0.0,0.0,0.0,0.0,4.0,0.0,8.0,0.0,5.0,5.0,0.0,0.0,0.0,1
8781,Computer Science,0.0,0.0,0.0,7.0,0.0,4.0,0.0,0.0,0.0,0.0,0.0,0.0,0.0,0.0,1
8823,Kinesiology and Health,3.0,0.0,0.0,0.0,0.0,0.0,0.0,0.0,0.0,0.0,0.0,0.0,0.0,0.0,0
8824,Liberal Arts and Sciences,2.0,0.0,0.0,0.0,0.0,0.0,0.0,0.0,0.0,-6.0,0.0,0.0,0.0,0.0,0
8860,Computer Science,4.0,0.0,0.0,0.0,0.0,0.0,0.0,0.0,0.0,0.0,0.0,0.0,0.0,0.0,0
8863,Computer Science,0.0,3.0,4.0,3.0,2.0,2.0,0.0,0.0,0.0,0.0,4.0,0.0,0.0,0.0,0
8878,Mathematics,-2.0,0.0,0.0,0.0,0.0,5.0,0.0,0.0,-4.0,0.0,-6.0,-7.0,0.0,0.0,1
8894,Industrial Technology,3.0,0.0,0.0,0.0,0.0,0.0,0.0,0.0,0.0,0.0,0.0,0.0,0.0,0.0,0
8909,Mathematics,0.0,0.0,0.0,0.0,0.0,0.0,0.0,0.0,0.0,0.0,0.0,0.0,0.0,8.0,0
8928,Mathematics,4.0,7.0,0.0,7.0,0.0,5.0,0.0,0.0,0.0,0.0,-8.0,0.0,7.0,8.0,1
8931,Chemical Engineering,2.0,0.0,0.0,0.0,0.0,0.0,0.0,0.0,0.0,0.0,0.0,0.0,0.0,0.0,0
8942,Liberal Arts and Sciences,0.0,0.0,0.0,0.0,0.0,0.0,0.0,0.0,1.0,0.0,0.0,0.0,0.0,0.0,0
8961,Meteorology,0.0,0.0,0.0,0.0,0.0,0.0,0.0,0.0,0.0,8.0,0.0,0.0,0.0,0.0,1
8971,Mathematics,2.0,4.0,0.0,4.0,0.0,3.0,0.0,0.0,0.0,0.0,4.0,0.0,4.0,5.0,1
8979,Physics,0.0,0.0,0.0,0.0,0.0,6.0,0.0,0.0,0.0,5.0,0.0,0.0,0.0,0.0,1
8983,Mathematics,0.0,0.0,0.0,0.0,0.0,0.0,0.0,0.0,0.0,0.0,7.0,0.0,0.0,6.0,1
9011,Physics,0.0,0.0,0.0,0.0,0.0,0.0,0.0,0.0,0.0,-6.0,0.0,0.0,0.0,0.0,0
9015,Physics,3.0,0.0,0.0,0.0,0.0,-4.0,0.0,0.0,0.0,2.0,0.0,0.0,0.0,0.0,1
9016,Mathematics,0.0,0.0,6.0,0.0,0.0,0.0,6.0,6.0,0.0,0.0,0.0,6.0,0.0,0.0,1
9021,Physics,0.0,0.0,0.0,0.0,0.0,0.0,0.0,0.0,0.0,4.0,0.0,0.0,0.0,0.0,0
9026,Physics,4.0,0.0,0.0,0.0,0.0,-8.0,0.0,6.0,0.0,5.0,-7.0,0.0,0.0,0.0,0
9029,Statistics,3.0,0.0,0.0,0.0,0.0,3.0,0.0,0.0,4.0,0.0,4.0,5.0,0.0,0.0,0
9031,Mathematics,2.0,4.0,0.0,0.0,0.0,3.0,6.0,0.0,0.0,0.0,-5.0,0.0,5.0,6.0,1
9033,Computer Science,0.0,0.0,0.0,0.0,4.0,0.0,0.0,0.0,0.0,0.0,0.0,0.0,0.0,0.0,1
9038,Mathematics,2.0,0.0,0.0,0.0,0.0,3.0,0.0,0.0,0.0,0.0,4.0,0.0,0.0,0.0,1
9064,Mathematics,2.0,4.0,6.0,3.0,4.0,3.0,6.0,8.0,0.0,7.0,5.0,0.0,0.0,0.0,1
9069,Computer Science,3.0,0.0,0.0,0.0,0.0,3.0,0.0,0.0,0.0,0.0,0.0,0.0,0.0,0.0,0
9080,Mathematics,5.0,-7.0,0.0,0.0,0.0,5.0,0.0,0.0,0.0,5.0,-7.0,0.0,-7.0,0.0,0
9088,Mathematics,3.0,0.0,0.0,0.0,0.0,4.0,0.0,0.0,0.0,0.0,0.0,0.0,0.0,0.0,0
9089,Physics,4.0,0.0,0.0,0.0,0.0,0.0,0.0,0.0,0.0,-5.0,0.0,0.0,0.0,0.0,0
9090,Statistics,0.0,0.0,6.0,0.0,0.0,0.0,6.0,0.0,0.0,0.0,0.0,6.0,0.0,0.0,1
9092,Physics,4.0,-6.0,0.0,0.0,0.0,0.0,0.0,0.0,0.0,0.0,0.0,0.0,0.0,0.0,1
9094,Physics,-4.0,7.0,0.0,0.0,0.0,-6.0,0.0,0.0,0.0,8.0,0.0,0.0,0.0,0.0,0
9124,Journalism and Mass Communication,4.0,7.0,0.0,0.0,0.0,5.0,0.0,0.0,0.0,0.0,0.0,0.0,0.0,0.0,1
9160,Mathematics,4.0,-7.0,0.0,0.0,0.0,-6.0,0.0,0.0,0.0,0.0,-8.0,0.0,7.0,8.0,0
9185,Physics,0.0,0.0,0.0,0.0,0.0,0.0,0.0,0.0,0.0,5.0,0.0,0.0,0.0,0.0,1
9250,Physics,0.0,0.0,0.0,0.0,0.0,0.0,0.0,6.0,7.0,6.0,0.0,0.0,0.0,0.0,1
9261,Computer Science,4.0,7.0,0.0,0.0,8.0,6.0,0.0,0.0,0.0,0.0,7.0,0.0,0.0,0.0,1
9301,Physics,0.0,0.0,0.0,0.0,0.0,0.0,0.0,0.0,-7.0,0.0,0.0,6.0,7.0,0.0,1
9318,Mathematics,6.0,0.0,0.0,0.0,0.0,7.0,0.0,0.0,0.0,0.0,0.0,0.0,0.0,8.0,0
9333,Statistics,3.0,0.0,0.0,0.0,0.0,3.0,0.0,0.0,0.0,0.0,0.0,0.0,0.0,0.0,0
9334,Mathematics,1.0,3.0,4.0,0.0,6.0,2.0,4.0,0.0,0.0,5.0,5.0,6.0,0.0,0.0,1
9341,Mathematics,-3.0,4.0,0.0,0.0,0.0,3.0,0.0,5.0,0.0,0.0,6.0,0.0,4.0,5.0,1
9347,Computer Science,1.0,3.0,4.0,5.0,4.0,2.0,4.0,0.0,0.0,0.0,3.0,0.0,0.0,0.0,1
9355,Mathematics,3.0,0.0,0.0,0.0,0.0,0.0,0.0,0.0,0.0,0.0,0.0,0.0,0.0,0.0,0
9364,Mathematics,3.0,5.0,0.0,7.0,4.0,4.0,0.0,0.0,0.0,7.0,0.0,0.0,0.0,0.0,1
9378,Mathematics,2.0,0.0,0.0,0.0,0.0,0.0,0.0,0.0,0.0,0.0,0.0,0.0,0.0,0.0,0
9380,Chemical Engineering,1.0,0.0,0.0,0.0,0.0,0.0,0.0,0.0,0.0,0.0,0.0,0.0,0.0,0.0,1
9385,Mathematics,5.0,7.0,0.0,0.0,0.0,4.0,0.0,0.0,0.0,8.0,6.0,0.0,5.0,-8.0,1
9392,Physics,0.0,0.0,0.0,0.0,0.0,0.0,0.0,0.0,0.0,3.0,0.0,0.0,0.0,0.0,0
9412,Physics,0.0,0.0,0.0,0.0,0.0,0.0,0.0,0.0,0.0,5.0,0.0,0.0,0.0,0.0,1
9417,Mathematics,0.0,-5.0,0.0,5.0,4.0,4.0,0.0,0.0,0.0,0.0,6.0,0.0,0.0,0.0,1
9421,Mathematics,1.0,-4.0,0.0,0.0,0.0,-6.0,0.0,0.0,0.0,-2.0,-3.0,0.0,0.0,0.0,1
9422,Systems Engineering,6.0,0.0,0.0,0.0,0.0,0.0,0.0,0.0,0.0,0.0,0.0,0.0,0.0,0.0,0
9429,Psychology,3.0,0.0,0.0,0.0,0.0,0.0,0.0,0.0,0.0,0.0,0.0,0.0,0.0,0.0,1
9434,Economics,0.0,0.0,0.0,0.0,0.0,0.0,0.0,0.0,0.0,0.0,8.0,0.0,0.0,0.0,1
9439,Mathematics,5.0,7.0,0.0,0.0,8.0,6.0,0.0,0.0,0.0,0.0,0.0,0.0,0.0,0.0,0
9440,Mathematics,3.0,5.0,0.0,0.0,0.0,4.0,0.0,0.0,5.0,0.0,7.0,0.0,0.0,0.0,1
9446,Mathematics,2.0,7.0,0.0,0.0,0.0,3.0,0.0,0.0,0.0,0.0,4.0,0.0,5.0,6.0,1
9449,Chemisty,4.0,0.0,0.0,5.0,0.0,6.0,0.0,0.0,0.0,0.0,0.0,0.0,0.0,0.0,1
9451,Mathematics,5.0,7.0,0.0,0.0,0.0,-6.0,6.0,8.0,7.0,8.0,0.0,0.0,0.0,0.0,0
9459,Psychology,4.0,0.0,0.0,0.0,0.0,0.0,0.0,0.0,0.0,0.0,0.0,0.0,0.0,0.0,0
9461,Mathematics,3.0,0.0,0.0,0.0,0.0,4.0,0.0,0.0,7.0,0.0,7.0,0.0,0.0,0.0,1
9494,Mathematics,2.0,6.0,0.0,0.0,0.0,3.0,0.0,0.0,5.0,0.0,-5.0,0.0,3.0,4.0,1
9498,Mathematics,5.0,7.0,0.0,0.0,-8.0,6.0,8.0,0.0,0.0,0.0,7.0,0.0,0.0,0.0,0
9514,Physics,0.0,0.0,0.0,0.0,0.0,5.0,0.0,0.0,0.0,4.0,0.0,0.0,0.0,0.0,1
9519,Criminal Justice,-3.0,0.0,0.0,0.0,0.0,0.0,0.0,0.0,0.0,0.0,0.0,0.0,0.0,0.0,1
9540,Liberal Arts and Sciences,3.0,0.0,0.0,0.0,0.0,0.0,0.0,0.0,0.0,0.0,0.0,0.0,0.0,0.0,0
9542,Meteorology,0.0,0.0,0.0,0.0,0.0,0.0,0.0,0.0,0.0,6.0,0.0,0.0,0.0,0.0,1
9548,Mathematics,3.0,5.0,0.0,0.0,0.0,4.0,0.0,0.0,0.0,0.0,7.0,0.0,5.0,6.0,1
9557,Statistics,0.0,0.0,0.0,0.0,0.0,4.0,0.0,0.0,0.0,0.0,0.0,0.0,0.0,0.0,1
9574,Mathematics,2.0,3.0,0.0,0.0,0.0,2.0,0.0,0.0,0.0,0.0,5.0,0.0,5.0,4.0,1
9579,Computer Engineering,0.0,0.0,0.0,0.0,0.0,0.0,0.0,0.0,0.0,2.0,0.0,0.0,0.0,0.0,1
9586,Statistics,0.0,7.0,0.0,0.0,0.0,4.0,0.0,0.0,5.0,0.0,7.0,0.0,5.0,8.0,1
9594,Philosophy,2.0,0.0,0.0,0.0,8.0,4.0,0.0,0.0,0.0,0.0,0.0,0.0,0.0,0.0,1
9610,Mathematics,2.0,4.0,0.0,0.0,0.0,3.0,0.0,0.0,0.0,0.0,5.0,0.0,5.0,4.0,1
9622,Statistics,5.0,0.0,0.0,0.0,0.0,0.0,0.0,0.0,0.0,0.0,0.0,0.0,0.0,0.0,1
9623,Statistics,4.0,6.0,0.0,0.0,0.0,5.0,0.0,0.0,0.0,0.0,0.0,0.0,0.0,0.0,1
9644,Statistics,5.0,6.0,0.0,7.0,0.0,5.0,0.0,0.0,0.0,0.0,8.0,0.0,7.0,8.0,1
9649,Computer Science,2.0,4.0,0.0,0.0,0.0,3.0,4.0,0.0,7.0,0.0,0.0,0.0,0.0,0.0,1
9655,Mathematics,0.0,0.0,0.0,0.0,0.0,0.0,0.0,0.0,5.0,0.0,5.0,6.0,0.0,0.0,1
9667,Mathematics,0.0,6.0,0.0,0.0,0.0,0.0,0.0,0.0,0.0,0.0,0.0,0.0,0.0,0.0,0
9675,Computer Science,0.0,0.0,0.0,0.0,0.0,5.0,0.0,0.0,0.0,0.0,0.0,0.0,0.0,0.0,1
9686,Mathematics,6.0,5.0,7.0,0.0,5.0,4.0,0.0,0.0,6.0,0.0,4.0,0.0,6.0,0.0,1
9718,Chemisty,0.0,0.0,0.0,0.0,0.0,0.0,0.0,0.0,0.0,6.0,0.0,0.0,0.0,0.0,1
9736,Mathematics,4.0,7.0,0.0,0.0,0.0,5.0,0.0,0.0,0.0,0.0,7.0,0.0,5.0,6.0,0
9767,Mathematics,2.0,5.0,6.0,7.0,8.0,3.0,6.0,8.0,0.0,0.0,7.0,0.0,0.0,0.0,1
9788,Liberal Arts and Sciences,0.0,0.0,0.0,0.0,0.0,0.0,0.0,0.0,0.0,2.0,0.0,0.0,0.0,0.0,0
9803,Mathematics,2.0,0.0,0.0,0.0,0.0,4.0,0.0,0.0,0.0,0.0,5.0,0.0,0.0,0.0,1
9808,Physics,0.0,0.0,0.0,0.0,0.0,0.0,0.0,0.0,0.0,4.0,0.0,0.0,0.0,0.0,1
9819,Mathematics,3.0,-8.0,0.0,0.0,-8.0,4.0,0.0,0.0,0.0,0.0,-7.0,0.0,0.0,0.0,1
9837,Economics,2.0,7.0,0.0,0.0,0.0,-8.0,0.0,0.0,0.0,0.0,0.0,0.0,0.0,0.0,1
9885,Computer Science,5.0,7.0,8.0,0.0,8.0,6.0,0.0,0.0,0.0,0.0,0.0,0.0,0.0,0.0,1
9888,Mathematics,2.0,3.0,4.0,0.0,6.0,0.0,4.0,0.0,0.0,0.0,5.0,0.0,0.0,0.0,1
9907,Physics,0.0,0.0,0.0,0.0,0.0,0.0,0.0,0.0,0.0,8.0,0.0,0.0,0.0,0.0,0
9909,Liberal Arts and Sciences,4.0,0.0,0.0,0.0,0.0,0.0,0.0,0.0,0.0,0.0,5.0,0.0,0.0,0.0,0
9911,Physics,3.0,0.0,0.0,0.0,0.0,3.0,0.0,0.0,0.0,-4.0,0.0,0.0,0.0,0.0,0
9939,Finance,1.0,0.0,0.0,0.0,0.0,0.0,0.0,0.0,0.0,0.0,0.0,0.0,0.0,0.0,1
9969,Computer Science,5.0,6.0,0.0,0.0,0.0,5.0,0.0,0.0,5.0,0.0,0.0,0.0,0.0,0.0,1
9970,Music,0.0,-8.0,0.0,0.0,0.0,0.0,0.0,0.0,0.0,0.0,0.0,0.0,0.0,0.0,0
9981,Computer Science,0.0,0.0,0.0,0.0,0.0,5.0,0.0,0.0,0.0,0.0,0.0,0.0,0.0,0.0,1
9996,Liberal Arts and Sciences,2.0,0.0,0.0,0.0,0.0,0.0,0.0,0.0,0.0,0.0,0.0,0.0,0.0,0.0,0
10011,Computer Science,1.0,0.0,0.0,0.0,2.0,2.0,0.0,0.0,0.0,0.0,0.0,0.0,0.0,0.0,1
10033,Statistics,3.0,0.0,0.0,0.0,0.0,0.0,0.0,0.0,0.0,0.0,0.0,0.0,0.0,0.0,1
10049,Physics,2.0,7.0,0.0,0.0,0.0,6.0,8.0,6.0,7.0,4.0,5.0,0.0,0.0,0.0,0
10052,Mathematics,0.0,4.0,0.0,0.0,0.0,0.0,0.0,0.0,0.0,0.0,5.0,0.0,0.0,6.0,1
10057,Mathematics,7.0,0.0,0.0,0.0,0.0,0.0,0.0,0.0,0.0,0.0,0.0,0.0,0.0,0.0,0
10069,Physics,0.0,0.0,0.0,0.0,0.0,0.0,0.0,0.0,0.0,2.0,0.0,0.0,0.0,0.0,1
10080,Mathematics,2.0,3.0,4.0,0.0,4.0,0.0,0.0,0.0,0.0,0.0,3.0,4.0,0.0,0.0,1
10096,Physics,5.0,0.0,0.0,0.0,0.0,0.0,0.0,0.0,0.0,0.0,0.0,0.0,0.0,0.0,0
10118,Physics,3.0,5.0,0.0,5.0,6.0,4.0,0.0,0.0,5.0,6.0,8.0,0.0,0.0,0.0,1
10130,Computer Science,5.0,6.0,0.0,0.0,8.0,5.0,8.0,0.0,7.0,0.0,6.0,8.0,0.0,0.0,1
10137,Mathematics,2.0,5.0,6.0,0.0,0.0,3.0,6.0,0.0,0.0,0.0,0.0,0.0,0.0,0.0,1
10145,Mathematics,0.0,2.0,0.0,3.0,0.0,2.0,0.0,0.0,3.0,0.0,-1.0,2.0,0.0,0.0,1
10163,Mathematics,3.0,5.0,0.0,0.0,0.0,4.0,0.0,0.0,7.0,0.0,-5.0,0.0,0.0,0.0,1
10174,Biology,4.0,-5.0,0.0,0.0,0.0,-4.0,0.0,0.0,0.0,0.0,0.0,0.0,0.0,0.0,1
10190,Physics,0.0,0.0,0.0,0.0,0.0,0.0,0.0,0.0,0.0,5.0,0.0,0.0,0.0,0.0,1
10191,Mathematics,1.0,2.0,4.0,0.0,0.0,2.0,6.0,0.0,0.0,0.0,3.0,4.0,0.0,0.0,1
10227,Statistics,6.0,7.0,0.0,0.0,0.0,0.0,0.0,0.0,0.0,0.0,7.0,0.0,0.0,0.0,1
10228,Physics,8.0,0.0,0.0,0.0,0.0,0.0,0.0,0.0,0.0,6.0,0.0,0.0,0.0,0.0,0
10259,Finance,0.0,4.0,0.0,0.0,0.0,0.0,0.0,0.0,0.0,0.0,0.0,0.0,0.0,0.0,1
10279,Statistics,5.0,0.0,0.0,0.0,0.0,6.0,0.0,0.0,0.0,0.0,0.0,0.0,0.0,0.0,1
10289,Statistics,6.0,0.0,0.0,0.0,0.0,7.0,0.0,0.0,0.0,0.0,0.0,0.0,5.0,8.0,0
10295,Statistics,4.0,0.0,0.0,0.0,0.0,5.0,0.0,0.0,0.0,0.0,0.0,0.0,7.0,0.0,0
10302,Mathematics,0.0,1.0,0.0,1.0,2.0,0.0,0.0,0.0,0.0,0.0,1.0,0.0,0.0,0.0,1
10316,Mathematics,5.0,8.0,0.0,0.0,0.0,6.0,0.0,0.0,0.0,0.0,8.0,0.0,7.0,8.0,0
10347,Computer Science,3.0,5.0,0.0,7.0,6.0,4.0,4.0,0.0,7.0,0.0,5.0,0.0,0.0,0.0,1
10372,Mathematics,2.0,6.0,0.0,0.0,0.0,3.0,0.0,0.0,0.0,0.0,7.0,0.0,5.0,6.0,1
10434,Physics,0.0,0.0,0.0,0.0,0.0,0.0,0.0,0.0,0.0,4.0,0.0,0.0,0.0,0.0,1
10455,Mathematics,4.0,7.0,0.0,0.0,6.0,6.0,0.0,0.0,0.0,4.0,5.0,0.0,7.0,8.0,1
10476,Liberal Arts and Sciences,3.0,0.0,0.0,0.0,0.0,4.0,0.0,0.0,0.0,0.0,0.0,0.0,0.0,0.0,0
10480,Economics,5.0,-8.0,0.0,0.0,0.0,5.0,0.0,8.0,0.0,0.0,6.0,-8.0,0.0,0.0,1
10488,Mathematics,3.0,4.0,0.0,7.0,4.0,4.0,0.0,0.0,0.0,0.0,6.0,0.0,0.0,0.0,1
10494,Meteorology,5.0,0.0,0.0,0.0,0.0,0.0,0.0,0.0,0.0,5.0,0.0,0.0,0.0,0.0,1
10499,Liberal Arts and Sciences,0.0,1.0,2.0,0.0,2.0,1.0,2.0,0.0,0.0,1.0,0.0,0.0,0.0,0.0,0
10501,Mathematics,8.0,0.0,0.0,0.0,0.0,-8.0,0.0,0.0,8.0,0.0,-8.0,0.0,0.0,0.0,0
10545,Physics,0.0,0.0,0.0,0.0,0.0,0.0,0.0,0.0,0.0,3.0,0.0,0.0,0.0,0.0,1
10561,Computer Science,0.0,0.0,0.0,0.0,0.0,5.0,0.0,0.0,0.0,7.0,0.0,0.0,0.0,0.0,0
10565,History,-4.0,0.0,0.0,0.0,0.0,0.0,0.0,0.0,0.0,0.0,0.0,0.0,0.0,0.0,0
10572,Statistics,1.0,0.0,0.0,0.0,0.0,0.0,0.0,0.0,0.0,0.0,0.0,0.0,0.0,0.0,0
10586,Mathematics,0.0,0.0,0.0,0.0,0.0,6.0,0.0,0.0,5.0,0.0,5.0,6.0,0.0,0.0,0
10600,Mathematics,0.0,0.0,0.0,0.0,0.0,6.0,0.0,0.0,0.0,0.0,0.0,0.0,-7.0,0.0,0
10605,Physics,5.0,0.0,0.0,0.0,0.0,6.0,0.0,0.0,0.0,6.0,0.0,0.0,0.0,0.0,0
10612,Mathematics,5.0,7.0,0.0,0.0,0.0,6.0,0.0,0.0,0.0,0.0,7.0,0.0,7.0,8.0,0
10628,Physics,0.0,6.0,0.0,0.0,0.0,0.0,6.0,6.0,0.0,0.0,7.0,8.0,0.0,0.0,1
10640,Mathematics,0.0,0.0,0.0,0.0,0.0,0.0,0.0,0.0,0.0,0.0,7.0,0.0,0.0,6.0,1
10650,Statistics,3.0,0.0,0.0,0.0,0.0,4.0,0.0,0.0,0.0,0.0,7.0,0.0,0.0,0.0,1
10655,Computer Science,1.0,0.0,0.0,0.0,0.0,-2.0,0.0,0.0,0.0,0.0,0.0,0.0,0.0,0.0,0
10656,Mathematics,2.0,3.0,4.0,0.0,0.0,2.0,4.0,0.0,0.0,0.0,0.0,0.0,0.0,0.0,1
10674,Statistics,2.0,7.0,0.0,0.0,0.0,4.0,0.0,0.0,0.0,0.0,8.0,0.0,0.0,0.0,1
10691,Mathematics,6.0,0.0,0.0,0.0,0.0,7.0,0.0,0.0,0.0,0.0,8.0,0.0,-7.0,8.0,0
10710,Mathematics,3.0,0.0,0.0,0.0,0.0,5.0,0.0,0.0,7.0,0.0,4.0,0.0,0.0,0.0,1
10711,Mathematics,0.0,0.0,0.0,0.0,0.0,0.0,0.0,0.0,0.0,0.0,7.0,8.0,0.0,0.0,0
10720,Statistics,5.0,0.0,0.0,0.0,0.0,0.0,0.0,0.0,0.0,0.0,7.0,0.0,0.0,0.0,1
10723,Statistics,5.0,0.0,0.0,0.0,0.0,0.0,0.0,0.0,0.0,0.0,0.0,0.0,0.0,0.0,0
10727,Computer Science,0.0,7.0,0.0,5.0,0.0,0.0,0.0,6.0,0.0,0.0,0.0,0.0,0.0,0.0,0
10729,Mathematics,4.0,7.0,0.0,0.0,0.0,5.0,6.0,4.0,0.0,0.0,5.0,6.0,0.0,0.0,1
10733,Mathematics,4.0,5.0,-8.0,7.0,0.0,4.0,0.0,0.0,0.0,0.0,7.0,0.0,0.0,0.0,1
10738,Physics,0.0,0.0,0.0,0.0,0.0,0.0,0.0,0.0,0.0,3.0,0.0,0.0,0.0,0.0,1
10742,Economics,3.0,0.0,0.0,0.0,0.0,4.0,0.0,0.0,0.0,0.0,5.0,0.0,0.0,0.0,1
10751,Mathematics,1.0,0.0,0.0,0.0,0.0,4.0,0.0,0.0,1.0,0.0,3.0,0.0,0.0,0.0,1
10756,Physics,0.0,0.0,0.0,0.0,0.0,0.0,0.0,0.0,0.0,4.0,0.0,0.0,0.0,0.0,1
10762,Mathematics,2.0,4.0,0.0,5.0,6.0,3.0,0.0,0.0,0.0,0.0,7.0,0.0,0.0,0.0,1
10765,Mathematics,2.0,5.0,0.0,0.0,8.0,3.0,0.0,0.0,5.0,0.0,6.0,0.0,0.0,0.0,1
10789,Computer Science,2.0,4.0,0.0,5.0,6.0,3.0,0.0,0.0,0.0,0.0,0.0,0.0,0.0,0.0,1
10815,Mathematics,0.0,0.0,0.0,0.0,0.0,0.0,0.0,0.0,0.0,0.0,7.0,0.0,0.0,6.0,1
10822,Information Systems and Business Analytics,2.0,0.0,0.0,0.0,0.0,0.0,0.0,0.0,0.0,0.0,3.0,0.0,0.0,0.0,0
10835,Physics,2.0,7.0,0.0,0.0,8.0,4.0,0.0,8.0,0.0,5.0,8.0,0.0,0.0,0.0,1
10841,Mathematics,1.0,2.0,0.0,0.0,0.0,1.0,0.0,0.0,0.0,0.0,3.0,0.0,1.0,2.0,1
10844,Mathematics,4.0,0.0,0.0,0.0,0.0,6.0,0.0,0.0,7.0,0.0,7.0,0.0,0.0,0.0,1
10858,Mathematics,2.0,0.0,0.0,7.0,0.0,3.0,4.0,0.0,0.0,0.0,5.0,0.0,0.0,0.0,1
10877,Mathematics,1.0,4.0,0.0,0.0,0.0,2.0,0.0,0.0,5.0,0.0,5.0,-6.0,0.0,0.0,1
10892,Economics,0.0,0.0,0.0,0.0,0.0,0.0,0.0,0.0,0.0,0.0,0.0,8.0,0.0,0.0,1
10900,Mathematics,-4.0,6.0,0.0,5.0,6.0,-4.0,0.0,0.0,0.0,0.0,-7.0,0.0,7.0,8.0,0
10907,Mathematics,3.0,5.0,0.0,0.0,4.0,0.0,0.0,6.0,0.0,0.0,4.0,0.0,0.0,0.0,0
10909,Physics,4.0,-5.0,0.0,0.0,0.0,4.0,0.0,0.0,0.0,2.0,0.0,0.0,0.0,0.0,1
10933,Statistics,5.0,0.0,0.0,0.0,0.0,0.0,0.0,0.0,0.0,0.0,0.0,0.0,7.0,0.0,1
10937,Mathematics,4.0,0.0,0.0,0.0,0.0,-3.0,4.0,0.0,0.0,0.0,0.0,0.0,0.0,0.0,0
10938,Statistics,4.0,0.0,0.0,0.0,0.0,6.0,6.0,0.0,0.0,0.0,5.0,0.0,0.0,0.0,1
10942,Computer Science,-2.0,0.0,0.0,0.0,0.0,3.0,0.0,0.0,0.0,0.0,0.0,0.0,0.0,0.0,0
10943,Mathematics,1.0,3.0,0.0,2.0,5.0,2.0,3.0,3.0,0.0,4.0,2.0,0.0,0.0,0.0,1
10959,Liberal Arts and Sciences,8.0,0.0,0.0,0.0,0.0,0.0,0.0,0.0,0.0,0.0,0.0,0.0,0.0,0.0,0
11004,Liberal Arts and Sciences,0.0,0.0,0.0,0.0,0.0,0.0,0.0,0.0,0.0,4.0,0.0,0.0,0.0,0.0,0
11013,Statistics,-2.0,0.0,0.0,0.0,0.0,3.0,0.0,0.0,0.0,0.0,0.0,0.0,5.0,0.0,0
11027,Mathematics,1.0,2.0,0.0,0.0,0.0,1.0,0.0,1.0,0.0,3.0,2.0,0.0,0.0,0.0,1
11036,Statistics,2.0,4.0,5.0,0.0,5.0,4.0,0.0,0.0,0.0,0.0,4.0,0.0,0.0,0.0,1
11039,Mathematics,4.0,7.0,0.0,0.0,0.0,6.0,8.0,0.0,0.0,0.0,7.0,0.0,5.0,6.0,1
11071,Mathematics,6.0,7.0,0.0,0.0,8.0,7.0,6.0,0.0,7.0,6.0,7.0,0.0,0.0,0.0,1
11072,Mathematics,5.0,0.0,0.0,0.0,0.0,7.0,0.0,0.0,0.0,0.0,0.0,0.0,0.0,8.0,0
11077,Mathematics,3.0,5.0,0.0,0.0,0.0,4.0,0.0,0.0,0.0,0.0,7.0,0.0,5.0,6.0,1
11079,Mathematics,0.0,0.0,6.0,7.0,0.0,0.0,0.0,0.0,0.0,0.0,7.0,0.0,0.0,0.0,1
11087,Physics,1.0,0.0,0.0,0.0,0.0,1.0,0.0,0.0,0.0,-4.0,0.0,0.0,0.0,0.0,0
11093,Mathematics,7.0,0.0,0.0,0.0,0.0,0.0,0.0,0.0,0.0,0.0,-8.0,0.0,0.0,0.0,0
11106,Statistics,5.0,0.0,0.0,0.0,0.0,0.0,0.0,0.0,0.0,0.0,0.0,0.0,0.0,0.0,1
11119,Computer Science,0.0,0.0,0.0,0.0,0.0,2.0,0.0,0.0,0.0,0.0,0.0,0.0,0.0,0.0,1
11122,Mathematics,4.0,0.0,0.0,0.0,0.0,0.0,0.0,0.0,0.0,0.0,0.0,0.0,0.0,0.0,0
11128,Liberal Arts and Sciences,2.0,0.0,0.0,0.0,0.0,0.0,0.0,0.0,1.0,0.0,0.0,0.0,0.0,0.0,0
11143,Mathematics,5.0,6.0,0.0,0.0,0.0,4.0,0.0,0.0,0.0,0.0,8.0,0.0,7.0,8.0,0
11145,Mathematics,4.0,6.0,0.0,0.0,0.0,-5.0,0.0,0.0,7.0,0.0,7.0,0.0,7.0,8.0,1
11161,Mathematics,0.0,0.0,0.0,0.0,8.0,0.0,0.0,0.0,0.0,0.0,0.0,0.0,0.0,0.0,1
11172,Chemisty,2.0,-7.0,0.0,7.0,0.0,4.0,0.0,8.0,0.0,0.0,0.0,0.0,0.0,0.0,1
11176,Mathematics,3.0,5.0,0.0,0.0,0.0,4.0,0.0,0.0,0.0,0.0,7.0,0.0,5.0,6.0,1
11177,Economics,3.0,0.0,0.0,0.0,0.0,5.0,0.0,0.0,0.0,0.0,-7.0,0.0,0.0,0.0,1
11180,Mathematics,4.0,0.0,0.0,0.0,0.0,0.0,0.0,0.0,0.0,0.0,0.0,0.0,0.0,0.0,0
11186,Mathematics,0.0,0.0,0.0,0.0,0.0,7.0,0.0,0.0,0.0,0.0,-7.0,0.0,0.0,0.0,0
11188,Mathematics,3.0,5.0,-6.0,5.0,4.0,4.0,0.0,0.0,0.0,0.0,6.0,0.0,0.0,0.0,1
11195,Computer Science,0.0,0.0,0.0,0.0,0.0,-6.0,0.0,0.0,0.0,0.0,0.0,0.0,0.0,0.0,0
11197,Statistics,4.0,0.0,0.0,7.0,0.0,5.0,0.0,8.0,0.0,0.0,7.0,0.0,0.0,0.0,1
11198,Mathematics,2.0,0.0,0.0,0.0,0.0,0.0,0.0,0.0,0.0,0.0,0.0,0.0,0.0,0.0,0
11232,Computer Science,1.0,0.0,0.0,0.0,0.0,0.0,0.0,0.0,0.0,0.0,0.0,0.0,0.0,0.0,1
11240,Mathematics,2.0,0.0,0.0,0.0,0.0,4.0,0.0,0.0,0.0,0.0,0.0,0.0,0.0,0.0,0
11245,Economics,4.0,0.0,0.0,0.0,0.0,5.0,0.0,0.0,0.0,0.0,0.0,0.0,0.0,0.0,0
11258,Statistics,4.0,0.0,0.0,0.0,0.0,6.0,0.0,0.0,0.0,0.0,0.0,0.0,0.0,0.0,0
11275,Mathematics,0.0,8.0,0.0,0.0,0.0,0.0,0.0,0.0,0.0,0.0,0.0,0.0,0.0,8.0,0
11295,Statistics,3.0,4.0,0.0,0.0,0.0,3.0,0.0,0.0,0.0,0.0,7.0,0.0,0.0,8.0,1
11297,Statistics,-2.0,0.0,0.0,0.0,0.0,0.0,0.0,0.0,0.0,0.0,0.0,0.0,0.0,0.0,0
11309,Physics,2.0,0.0,0.0,0.0,0.0,0.0,0.0,2.0,0.0,3.0,0.0,0.0,0.0,0.0,0
11320,Physics,0.0,0.0,0.0,0.0,0.0,0.0,0.0,0.0,0.0,6.0,0.0,0.0,0.0,0.0,1
11370,Liberal Arts and Sciences,0.0,0.0,0.0,0.0,0.0,1.0,0.0,0.0,0.0,0.0,0.0,0.0,0.0,0.0,0
11375,Mathematics,4.0,-7.0,0.0,5.0,0.0,5.0,0.0,6.0,-7.0,0.0,0.0,0.0,0.0,0.0,1
11400,Mathematics,-3.0,0.0,0.0,0.0,0.0,0.0,0.0,0.0,0.0,0.0,0.0,0.0,0.0,0.0,0
11407,Mathematics,5.0,0.0,0.0,0.0,0.0,6.0,0.0,0.0,0.0,0.0,8.0,0.0,7.0,8.0,0
11414,Materials Engineering,0.0,0.0,0.0,0.0,0.0,0.0,0.0,0.0,0.0,6.0,0.0,0.0,0.0,0.0,0
11415,Mathematics,0.0,7.0,0.0,0.0,0.0,6.0,0.0,0.0,0.0,0.0,0.0,0.0,7.0,8.0,0
11431,World Languages and Cultures,3.0,0.0,0.0,0.0,0.0,4.0,0.0,0.0,0.0,0.0,8.0,0.0,0.0,0.0,1
11467,Mathematics,0.0,1.0,0.0,0.0,0.0,2.0,0.0,0.0,0.0,0.0,0.0,0.0,0.0,0.0,0
11468,Electrical Engineering,0.0,0.0,0.0,0.0,0.0,0.0,0.0,0.0,0.0,3.0,0.0,0.0,0.0,0.0,0
11469,Computer Science,0.0,0.0,0.0,0.0,0.0,0.0,8.0,0.0,0.0,0.0,0.0,0.0,0.0,0.0,1
11470,Mathematics,3.0,8.0,0.0,5.0,0.0,3.0,0.0,0.0,0.0,0.0,7.0,0.0,0.0,0.0,1
11473,Statistics,3.0,7.0,0.0,0.0,0.0,6.0,0.0,0.0,0.0,0.0,0.0,0.0,0.0,0.0,1
11477,Mathematics,3.0,5.0,0.0,0.0,0.0,4.0,0.0,0.0,0.0,0.0,7.0,0.0,5.0,6.0,1
11484,Computer Science,4.0,0.0,0.0,0.0,0.0,6.0,0.0,0.0,0.0,0.0,0.0,0.0,0.0,0.0,1
11504,Physics,5.0,6.0,0.0,0.0,0.0,5.0,0.0,0.0,0.0,3.0,0.0,0.0,0.0,0.0,1
11507,Mathematics,1.0,2.0,0.0,3.0,2.0,1.0,0.0,0.0,3.0,0.0,2.0,0.0,0.0,0.0,1
11509,Mathematics,5.0,7.0,8.0,0.0,0.0,6.0,8.0,0.0,0.0,0.0,7.0,8.0,0.0,0.0,0
11512,Statistics,4.0,6.0,0.0,7.0,0.0,5.0,0.0,0.0,0.0,0.0,7.0,8.0,0.0,0.0,1
11525,Meteorology,0.0,0.0,0.0,0.0,0.0,0.0,0.0,0.0,0.0,8.0,0.0,0.0,0.0,0.0,1
11541,Statistics,3.0,0.0,0.0,0.0,0.0,4.0,0.0,0.0,0.0,0.0,0.0,0.0,0.0,0.0,1
11596,Mathematics,3.0,0.0,0.0,0.0,0.0,4.0,0.0,0.0,0.0,0.0,7.0,0.0,0.0,0.0,1
11640,Mathematics,3.0,-6.0,0.0,7.0,0.0,-4.0,0.0,0.0,0.0,0.0,5.0,0.0,5.0,6.0,1
11664,Meteorology,4.0,6.0,0.0,0.0,0.0,5.0,0.0,0.0,0.0,0.0,0.0,0.0,0.0,0.0,1
11735,Computer Science,6.0,6.0,0.0,0.0,6.0,5.0,0.0,0.0,0.0,0.0,0.0,0.0,0.0,0.0,0
11738,Genetics,6.0,0.0,0.0,0.0,0.0,0.0,0.0,0.0,0.0,0.0,0.0,0.0,0.0,0.0,0
11743,Sociology,2.0,0.0,0.0,0.0,0.0,0.0,0.0,0.0,0.0,0.0,0.0,0.0,0.0,0.0,1
11750,Economics,3.0,0.0,0.0,0.0,0.0,4.0,0.0,0.0,0.0,0.0,8.0,0.0,0.0,0.0,1
11755,Physics,2.0,0.0,0.0,0.0,0.0,0.0,0.0,0.0,0.0,3.0,0.0,0.0,0.0,0.0,1
11759,Physics,0.0,2.0,0.0,0.0,0.0,1.0,0.0,0.0,0.0,2.0,0.0,0.0,0.0,0.0,1
11760,Physics,2.0,0.0,0.0,0.0,0.0,0.0,0.0,0.0,0.0,0.0,0.0,0.0,0.0,0.0,0
11778,Mathematics,3.0,4.0,0.0,0.0,0.0,3.0,0.0,0.0,0.0,0.0,5.0,0.0,5.0,6.0,1
11793,Mathematics,0.0,6.0,0.0,0.0,0.0,0.0,0.0,8.0,7.0,0.0,7.0,0.0,7.0,0.0,1
11825,Physics,0.0,0.0,0.0,0.0,0.0,0.0,0.0,0.0,0.0,2.0,0.0,0.0,0.0,0.0,0
11826,Mathematics,3.0,-6.0,0.0,7.0,8.0,4.0,0.0,0.0,0.0,0.0,6.0,8.0,7.0,0.0,1
11829,Computer Science,2.0,0.0,0.0,0.0,0.0,0.0,0.0,0.0,0.0,0.0,0.0,0.0,0.0,0.0,0
11845,Mathematics,8.0,0.0,0.0,0.0,0.0,8.0,0.0,0.0,0.0,0.0,0.0,0.0,0.0,0.0,0
11849,Biophysics,0.0,0.0,0.0,0.0,0.0,7.0,0.0,0.0,0.0,0.0,0.0,0.0,0.0,0.0,1
11863,Mathematics,3.0,0.0,0.0,0.0,0.0,0.0,0.0,0.0,0.0,0.0,0.0,0.0,0.0,0.0,0
11869,Computer Science,0.0,0.0,0.0,0.0,6.0,2.0,0.0,0.0,0.0,0.0,3.0,0.0,0.0,0.0,1
11886,Physics,6.0,0.0,0.0,0.0,0.0,0.0,0.0,0.0,0.0,4.0,0.0,0.0,0.0,0.0,0
11892,Mathematics,3.0,5.0,0.0,0.0,0.0,4.0,0.0,0.0,0.0,0.0,-7.0,0.0,5.0,6.0,1
11896,Economics,0.0,0.0,0.0,0.0,0.0,5.0,0.0,0.0,0.0,0.0,5.0,0.0,0.0,0.0,1
11907,Mathematics,3.0,5.0,0.0,0.0,0.0,4.0,0.0,0.0,0.0,0.0,6.0,0.0,5.0,4.0,1
11910,Mathematics,2.0,4.0,0.0,0.0,0.0,3.0,0.0,0.0,0.0,0.0,4.0,0.0,0.0,0.0,0
11928,Bioinformatics and Computational Biology,0.0,0.0,0.0,0.0,0.0,6.0,0.0,0.0,0.0,0.0,0.0,0.0,0.0,0.0,1
11931,Meteorology,0.0,0.0,0.0,0.0,0.0,0.0,0.0,0.0,0.0,6.0,0.0,0.0,0.0,0.0,1
11953,Physics,0.0,0.0,0.0,0.0,0.0,0.0,0.0,0.0,0.0,4.0,0.0,0.0,0.0,0.0,1
11961,Mathematics,1.0,3.0,4.0,0.0,0.0,2.0,0.0,0.0,0.0,0.0,5.0,0.0,0.0,0.0,1
11972,Physics,0.0,0.0,0.0,0.0,0.0,0.0,0.0,0.0,0.0,6.0,0.0,0.0,0.0,0.0,0
11982,Mathematics,2.0,4.0,0.0,0.0,0.0,3.0,0.0,0.0,0.0,0.0,0.0,0.0,5.0,6.0,1
11994,Data Science,0.0,0.0,0.0,0.0,8.0,0.0,0.0,0.0,0.0,0.0,8.0,0.0,0.0,0.0,1
12027,Computer Science,0.0,7.0,0.0,0.0,8.0,0.0,6.0,0.0,0.0,0.0,6.0,0.0,0.0,0.0,1
12034,Mathematics,5.0,6.0,0.0,0.0,0.0,6.0,0.0,0.0,0.0,0.0,-7.0,0.0,7.0,8.0,1
12042,Statistics,1.0,0.0,0.0,0.0,0.0,0.0,0.0,0.0,0.0,0.0,0.0,0.0,0.0,0.0,1
12060,Economics,8.0,0.0,0.0,0.0,0.0,-6.0,0.0,0.0,0.0,0.0,0.0,0.0,0.0,0.0,0
12071,Chemisty,2.0,4.0,0.0,0.0,0.0,3.0,0.0,0.0,0.0,0.0,0.0,0.0,0.0,0.0,1
12085,Physics,6.0,8.0,0.0,0.0,0.0,5.0,0.0,0.0,0.0,7.0,0.0,0.0,0.0,0.0,1
12117,Mathematics,2.0,4.0,0.0,3.0,4.0,3.0,0.0,0.0,0.0,0.0,0.0,0.0,0.0,0.0,1
12131,Mathematics,3.0,5.0,0.0,0.0,0.0,4.0,0.0,0.0,5.0,7.0,7.0,8.0,0.0,0.0,1
12176,Statistics,5.0,6.0,0.0,0.0,0.0,-4.0,0.0,0.0,7.0,0.0,7.0,8.0,0.0,0.0,1
12184,Mathematics,0.0,2.0,0.0,5.0,0.0,2.0,0.0,0.0,0.0,0.0,0.0,0.0,0.0,0.0,1
12203,Mathematics,1.0,3.0,0.0,0.0,0.0,2.0,0.0,0.0,0.0,0.0,0.0,0.0,0.0,0.0,1
12207,Mathematics,0.0,6.0,0.0,0.0,0.0,0.0,0.0,0.0,0.0,0.0,8.0,0.0,7.0,8.0,0
12209,Computer Science,3.0,0.0,0.0,0.0,0.0,0.0,4.0,0.0,0.0,0.0,0.0,0.0,0.0,0.0,0
12223,Mathematics,3.0,5.0,6.0,0.0,4.0,4.0,6.0,0.0,0.0,5.0,5.0,0.0,5.0,6.0,1
12242,Biology,4.0,6.0,0.0,0.0,0.0,5.0,0.0,0.0,0.0,0.0,0.0,0.0,0.0,0.0,1
12248,Data Science,0.0,0.0,0.0,0.0,0.0,0.0,0.0,0.0,6.0,0.0,0.0,0.0,0.0,0.0,1
12251,Physics,0.0,0.0,0.0,0.0,0.0,0.0,0.0,0.0,0.0,0.0,0.0,8.0,0.0,0.0,1
12253,Statistics,3.0,0.0,0.0,0.0,0.0,4.0,0.0,0.0,0.0,0.0,-5.0,0.0,0.0,0.0,1
12254,Mathematics,6.0,7.0,0.0,0.0,-8.0,6.0,0.0,0.0,0.0,0.0,8.0,0.0,7.0,8.0,1
12259,Mechanical Engineering,6.0,8.0,0.0,0.0,0.0,-7.0,0.0,0.0,0.0,0.0,0.0,0.0,0.0,0.0,0
12280,Mathematics,0.0,0.0,8.0,0.0,0.0,0.0,0.0,0.0,0.0,0.0,0.0,0.0,0.0,0.0,1
12314,Mathematics,3.0,5.0,0.0,0.0,0.0,4.0,0.0,0.0,0.0,0.0,-7.0,0.0,5.0,6.0,1
12343,Mathematics,2.0,3.0,0.0,0.0,0.0,2.0,4.0,0.0,0.0,0.0,5.0,0.0,3.0,4.0,1
12368,Computer Science,3.0,0.0,0.0,5.0,-6.0,0.0,0.0,0.0,0.0,0.0,0.0,0.0,0.0,0.0,0
12396,Mathematics,2.0,3.0,4.0,3.0,0.0,2.0,4.0,0.0,0.0,0.0,3.0,4.0,0.0,0.0,1
12405,Biochemistry,0.0,0.0,0.0,0.0,0.0,0.0,0.0,0.0,0.0,8.0,0.0,0.0,0.0,0.0,0
12428,Mathematics,3.0,-5.0,0.0,0.0,0.0,4.0,0.0,0.0,0.0,0.0,6.0,0.0,5.0,6.0,1
12437,Physics,0.0,0.0,0.0,0.0,0.0,0.0,0.0,0.0,0.0,6.0,0.0,0.0,0.0,0.0,0
12463,Mathematics,3.0,6.0,0.0,0.0,8.0,5.0,4.0,0.0,7.0,0.0,6.0,0.0,5.0,8.0,1
12518,Computer Science,0.0,5.0,0.0,0.0,0.0,0.0,4.0,0.0,0.0,0.0,0.0,0.0,0.0,0.0,1
12530,Meteorology,0.0,0.0,0.0,0.0,0.0,0.0,0.0,0.0,0.0,-7.0,0.0,0.0,0.0,0.0,1
12531,Mathematics,1.0,3.0,0.0,0.0,0.0,2.0,0.0,0.0,0.0,0.0,4.0,0.0,3.0,4.0,1
12542,Meteorology,0.0,0.0,0.0,0.0,0.0,0.0,0.0,0.0,0.0,5.0,0.0,0.0,0.0,0.0,1
12543,Mathematics,0.0,4.0,6.0,0.0,4.0,3.0,4.0,0.0,0.0,0.0,5.0,0.0,0.0,0.0,1
12546,Statistics,5.0,0.0,0.0,0.0,0.0,0.0,0.0,0.0,0.0,0.0,0.0,0.0,0.0,0.0,1
12574,Data Science,3.0,0.0,0.0,0.0,0.0,4.0,0.0,0.0,0.0,0.0,0.0,0.0,7.0,0.0,1
12592,Chemisty,7.0,0.0,0.0,0.0,0.0,0.0,0.0,0.0,0.0,0.0,0.0,0.0,0.0,0.0,1
12604,Computer Science,6.0,8.0,0.0,0.0,0.0,7.0,0.0,0.0,0.0,0.0,0.0,0.0,0.0,0.0,0
12606,Statistics,4.0,0.0,0.0,0.0,0.0,5.0,0.0,0.0,0.0,0.0,0.0,0.0,0.0,0.0,1
12609,Mathematics,3.0,5.0,6.0,0.0,0.0,4.0,0.0,0.0,5.0,0.0,8.0,0.0,5.0,0.0,1
12628,Mathematics,5.0,0.0,0.0,0.0,0.0,-6.0,0.0,0.0,0.0,0.0,8.0,0.0,7.0,8.0,0
12644,Psychology,2.0,0.0,0.0,0.0,0.0,6.0,0.0,0.0,0.0,3.0,0.0,0.0,0.0,0.0,1
12659,Mathematics,2.0,6.0,0.0,3.0,4.0,3.0,4.0,0.0,0.0,0.0,0.0,0.0,0.0,0.0,1
12691,Mathematics,0.0,8.0,0.0,5.0,-6.0,6.0,0.0,6.0,7.0,0.0,7.0,0.0,0.0,0.0,1
12718,Mathematics,2.0,1.0,0.0,4.0,0.0,0.0,7.0,0.0,0.0,0.0,-4.0,0.0,6.0,7.0,1
12749,Biology,1.0,0.0,0.0,0.0,4.0,5.0,0.0,0.0,0.0,0.0,0.0,0.0,0.0,0.0,1
12750,Mathematics,3.0,0.0,0.0,0.0,0.0,3.0,0.0,0.0,0.0,0.0,5.0,-6.0,0.0,0.0,1
12760,Meteorology,0.0,0.0,0.0,0.0,0.0,0.0,0.0,0.0,0.0,5.0,0.0,0.0,0.0,0.0,1
12762,Statistics,1.0,0.0,0.0,0.0,0.0,0.0,0.0,0.0,0.0,0.0,0.0,0.0,0.0,0.0,0
12763,Chemisty,2.0,5.0,0.0,0.0,8.0,4.0,0.0,0.0,0.0,7.0,0.0,0.0,0.0,0.0,1
12797,Computer Science,0.0,5.0,0.0,0.0,0.0,4.0,6.0,0.0,7.0,0.0,0.0,0.0,0.0,0.0,1
12804,Interdisciplinary Studies,3.0,0.0,0.0,0.0,0.0,5.0,0.0,0.0,0.0,0.0,0.0,0.0,0.0,0.0,1
12807,Computer Science,0.0,0.0,6.0,0.0,6.0,0.0,0.0,0.0,0.0,0.0,7.0,0.0,0.0,0.0,1
12819,Mathematics,0.0,2.0,0.0,0.0,0.0,1.0,4.0,0.0,3.0,0.0,-3.0,0.0,0.0,0.0,1
12837,Mathematics,3.0,6.0,0.0,0.0,0.0,6.0,0.0,0.0,7.0,0.0,7.0,8.0,0.0,0.0,1
12841,Mathematics,0.0,5.0,6.0,0.0,0.0,4.0,0.0,0.0,0.0,0.0,5.0,0.0,0.0,0.0,1
12855,Mathematics,5.0,7.0,0.0,7.0,8.0,6.0,0.0,0.0,0.0,0.0,6.0,0.0,0.0,0.0,0
12858,Genetics,0.0,7.0,8.0,3.0,0.0,0.0,0.0,0.0,0.0,0.0,0.0,0.0,0.0,0.0,1
12900,Statistics,0.0,0.0,0.0,0.0,0.0,6.0,0.0,0.0,0.0,0.0,0.0,0.0,0.0,0.0,1
12980,Mathematics,3.0,7.0,0.0,0.0,0.0,-4.0,0.0,0.0,0.0,0.0,7.0,0.0,5.0,6.0,1
12990,Biophysics,0.0,0.0,0.0,0.0,0.0,0.0,0.0,0.0,0.0,2.0,0.0,0.0,0.0,0.0,1
13031,Mathematics,0.0,0.0,0.0,0.0,4.0,1.0,0.0,0.0,1.0,2.0,0.0,0.0,0.0,0.0,1
13032,Mathematics,0.0,0.0,8.0,0.0,0.0,0.0,6.0,0.0,0.0,0.0,6.0,8.0,7.0,8.0,0
13033,Mathematics,3.0,4.0,0.0,0.0,0.0,4.0,0.0,0.0,-7.0,0.0,6.0,0.0,0.0,0.0,1
13034,Computer Science,0.0,0.0,0.0,0.0,0.0,4.0,0.0,0.0,0.0,0.0,0.0,0.0,0.0,0.0,1
13039,Mathematics,4.0,6.0,-8.0,5.0,0.0,5.0,0.0,6.0,0.0,0.0,7.0,-8.0,7.0,0.0,1
