STUDENT,GRADUATE,MAJOR,201,301,302,304,314,317,350,365,373,385,414,415,435,436
9,1,Physics,6.5,0.0,0.0,0.0,0.0,8.0,0.0,0.0,0.0,5.5,0.0,0.0,0.0,0.0
27,1,Computer Science,0.0,0.0,0.0,0.0,0.0,6.5,0.0,0.0,0.0,0.0,0.0,0.0,0.0,0.0
33,1,Nutritional Science,3.0,0.0,0.0,0.0,0.0,0.0,0.0,0.0,0.0,0.0,0.0,0.0,0.0,0.0
51,1,Mathematics,0.0,0.0,0.0,0.0,0.0,0.0,0.0,0.0,8.0,0.0,0.0,0.0,0.0,0.0
75,1,Mathematics,4.0,6.5,0.0,0.0,0.0,5.5,0.0,9.0,0.0,9.0,8.0,0.0,8.0,9.0
86,1,Mathematics,1.5,3.0,0.0,0.0,4.0,0.5,0.0,0.0,0.0,0.5,4.0,0.0,3.0,1.5
87,1,Economics,4.0,-7.5,0.0,0.0,0.0,-5.0,0.0,0.0,0.0,0.0,-6.5,0.0,0.0,0.0
94,1,Mathematics,0.5,2.0,3.0,0.0,0.0,0.5,0.0,0.5,2.0,0.0,1.0,0.0,0.0,0.0
127,1,Mathematics,0.5,3.0,0.0,0.0,0.0,0.5,0.0,0.0,0.0,1.5,1.5,4.0,3.0,0.0
128,1,Mathematics,1.5,5.5,0.0,8.0,9.0,3.0,4.0,0.0,0.0,0.0,9.0,0.0,8.0,0.0
135,1,Statistics,3.0,0.0,0.0,0.0,0.0,-4.0,0.0,0.0,8.0,0.0,-8.0,0.0,0.0,0.0
193,1,Mathematics,6.5,6.5,9.0,0.0,0.0,5.5,0.0,0.0,8.0,0.0,5.5,0.0,8.0,0.0
195,0,Physics,0.0,0.0,0.0,0.0,0.0,0.0,0.0,0.0,0.0,3.0,0.0,0.0,0.0,0.0
199,1,Economics,4.0,0.0,0.0,0.0,0.0,0.0,0.0,0.0,0.0,0.0,0.0,0.0,0.0,0.0
205,1,Physics,6.5,0.0,0.0,0.0,0.0,0.0,0.0,0.0,0.0,4.0,0.0,0.0,0.0,0.0
224,1,Physics,0.0,0.0,0.0,0.0,0.0,3.0,0.0,0.0,0.0,0.0,0.0,0.0,0.0,0.0
264,1,Mathematics,3.0,8.0,0.0,0.0,9.0,4.0,0.0,0.0,0.0,0.0,5.5,6.5,0.0,0.0
265,1,Physics,3.0,5.5,0.0,0.0,6.5,4.0,0.0,0.0,0.0,3.0,4.5,0.0,0.0,6.5
287,1,Mathematics,3.0,-5.5,0.0,0.0,0.0,4.0,0.0,0.0,0.0,0.0,-8.0,0.0,5.5,6.5
310,1,Statistics,5.5,6.5,0.0,0.0,0.0,5.5,0.0,0.0,0.0,0.0,7.0,0.0,0.0,0.0
327,0,Mathematics,0.5,3.0,-4.0,5.5,0.0,-1.5,4.0,0.0,0.0,3.0,0.0,0.0,0.0,0.0
334,1,Mathematics,5.5,8.0,0.0,0.0,0.0,6.5,9.0,0.0,0.0,0.0,9.5,0.0,8.0,9.0
341,1,Mathematics,3.0,5.5,0.0,0.0,0.0,4.0,0.0,0.0,0.0,0.0,8.0,0.0,5.5,6.5
347,1,Computer Science,5.5,0.0,0.0,0.0,0.0,0.0,0.0,0.0,0.0,0.0,0.0,0.0,0.0,0.0
365,1,Physics,0.0,0.0,0.0,0.0,0.0,0.0,0.0,0.0,0.0,4.0,0.0,0.0,0.0,0.0
412,1,Physics,0.0,0.0,0.0,0.0,0.0,0.0,0.0,0.0,0.0,4.0,0.0,0.0,0.0,0.0
416,1,Economics,8.0,0.0,0.0,0.0,0.0,9.0,0.0,0.0,0.0,0.0,-10.5,0.0,0.0,0.0
417,1,Mathematics,5.5,0.0,0.0,0.0,9.0,5.5,0.0,0.0,8.0,0.0,0.0,0.0,0.0,0.0
445,1,Statistics,5.5,0.0,0.0,0.0,0.0,0.0,0.0,0.0,0.0,0.0,7.0,0.0,0.0,0.0
473,1,Computer Science,0.0,0.5,1.5,0.0,0.0,0.0,1.5,1.5,0.0,0.0,2.0,0.0,0.0,0.0
488,1,Economics,4.0,0.0,0.0,0.0,0.0,4.0,0.0,0.0,0.0,0.0,9.0,0.0,0.0,0.0
493,0,Liberal Arts and Sciences,0.0,0.0,0.0,0.0,0.0,0.0,0.0,0.0,0.0,0.0,12.0,0.0,0.0,0.0
522,1,Mathematics,1.5,-5.5,0.0,0.0,0.0,3.0,0.0,0.0,0.0,0.0,7.0,0.0,5.5,-4.0
530,0,Liberal Arts and Sciences,0.0,5.5,0.0,0.0,0.0,0.0,0.0,0.0,0.0,0.0,4.5,0.0,0.0,0.0
537,1,Mathematics,0.0,3.0,0.0,0.0,0.0,1.5,0.0,0.0,0.0,0.0,4.5,0.0,3.0,4.0
541,1,Computer Science,3.0,10.5,0.0,0.0,0.0,9.0,6.5,0.0,0.0,0.0,0.0,0.0,0.0,0.0
559,1,Mathematics,0.5,3.0,0.0,0.0,4.0,-1.5,0.0,0.0,0.0,0.0,2.0,0.0,-3.0,4.0
568,1,Mathematics,7.0,0.0,0.0,0.0,0.0,8.0,0.0,0.0,9.5,0.0,8.5,0.0,0.0,0.0
570,1,Mathematics,1.5,5.5,0.0,8.0,0.0,3.0,0.0,9.0,0.0,0.0,4.5,0.0,5.5,9.0
577,1,Mathematics,1.5,0.0,0.0,0.0,0.0,3.0,0.0,0.0,0.0,0.0,7.0,0.0,0.0,0.0
585,1,Mathematics,0.0,0.0,0.0,0.0,0.0,4.0,0.0,0.0,8.0,0.0,5.5,0.0,0.0,0.0
589,1,Meteorology,0.0,5.5,9.0,0.0,9.0,1.5,0.0,9.0,3.0,4.0,8.0,0.0,0.0,0.0
593,1,Mathematics,1.5,5.5,0.0,0.0,-9.0,3.0,0.0,4.0,0.0,0.0,3.0,4.0,0.0,0.0
595,1,Public Relations,3.0,0.0,0.0,0.0,0.0,5.5,0.0,0.0,0.0,0.0,0.0,0.0,0.0,0.0
607,1,Computer Science,4.0,6.5,0.0,0.0,0.0,5.5,0.0,0.0,0.0,0.0,0.0,0.0,0.0,0.0
614,1,Mathematics,0.0,4.0,6.5,8.0,0.0,0.0,4.0,4.0,0.0,0.0,5.5,6.5,5.5,6.5
626,0,Liberal Arts and Sciences,0.0,0.0,0.0,0.0,0.0,0.0,0.0,0.0,0.0,0.5,0.0,0.0,0.0,0.0
629,1,Economics,1.5,0.0,0.0,0.0,0.0,0.0,0.0,0.0,0.0,0.0,0.0,0.0,0.0,0.0
646,1,Psychology,5.5,0.0,0.0,0.0,9.0,6.5,0.0,11.5,0.0,10.5,0.0,0.0,0.0,0.0
647,1,Biochemistry,1.5,0.0,0.0,0.0,0.0,2.5,0.0,0.0,0.0,5.0,0.0,0.0,0.0,0.0
672,0,Computer Science,3.0,0.0,0.0,0.0,0.0,0.0,0.0,0.0,0.0,0.0,0.0,0.0,0.0,0.0
677,1,Computer Science,0.0,9.0,0.0,0.0,9.0,8.0,9.0,0.0,0.0,0.0,0.0,0.0,0.0,0.0
712,1,Liberal Arts and Sciences,-5.5,0.0,0.0,0.0,0.0,-9.0,-9.0,0.0,10.5,0.0,0.0,0.0,-10.5,0.0
723,0,Liberal Arts and Sciences,0.0,5.0,0.0,0.0,0.0,6.5,0.0,0.0,0.0,0.0,0.0,0.0,0.0,0.0
727,1,Statistics,-3.0,0.0,0.0,0.0,0.0,0.0,0.0,0.0,0.0,0.0,0.0,0.0,0.0,0.0
733,1,Physics,0.0,0.0,0.0,0.0,0.0,0.0,0.0,0.0,0.0,4.0,0.0,0.0,0.0,0.0
737,1,Statistics,5.5,0.0,0.0,0.0,0.0,-4.0,0.0,0.0,0.0,0.0,0.0,0.0,0.0,0.0
758,0,Materials Engineering,-1.5,0.0,0.0,0.0,0.0,1.5,0.0,0.0,0.0,0.0,5.5,-6.5,0.0,0.0
766,0,Mathematics,3.0,0.0,0.0,0.0,0.0,0.0,0.0,0.0,0.0,0.0,0.0,0.0,0.0,0.0
783,1,Mathematics,5.5,6.5,0.0,0.0,0.0,5.5,0.0,0.0,0.0,0.0,9.0,0.0,8.0,9.0
797,1,Physics,5.5,8.0,0.0,0.0,0.0,6.5,0.0,9.0,0.0,4.0,7.0,9.0,0.0,0.0
808,1,Mathematics,1.5,5.5,0.0,0.0,0.0,3.0,0.0,0.0,0.0,0.0,8.0,0.0,5.5,6.5
812,1,Physics,5.5,8.0,0.0,0.0,0.0,6.5,0.0,0.0,0.0,4.0,0.0,0.0,0.0,0.0
820,1,Mathematics,9.0,0.0,0.0,0.0,0.0,10.0,0.0,0.0,9.0,0.0,11.5,12.5,0.0,0.0
826,1,Mathematics,1.5,-4.0,0.0,0.0,0.0,3.0,0.0,0.0,-3.0,0.0,2.0,0.0,0.0,0.0
834,1,Finance,0.5,0.0,0.0,0.0,0.0,-0.5,0.0,0.0,0.0,0.0,0.0,0.0,0.0,0.0
841,0,Computer Science,3.0,0.0,0.0,0.0,0.0,5.5,0.0,0.0,0.0,0.0,0.0,0.0,0.0,0.0
861,0,Chemical Engineering,6.5,0.0,0.0,0.0,0.0,0.0,0.0,0.0,0.0,0.0,0.0,0.0,0.0,0.0
876,1,Mathematics,6.5,10.5,0.0,0.0,11.5,11.5,6.5,0.0,0.0,0.0,0.0,0.0,0.0,0.0
877,1,Mathematics,0.0,0.0,0.0,0.0,0.0,0.0,0.0,0.0,0.0,9.0,0.0,0.0,0.0,0.0
878,1,Physics,0.0,0.0,0.0,0.0,0.0,0.0,0.0,0.0,0.0,4.0,0.0,0.0,0.0,0.0
886,1,Computer Science,0.0,9.0,0.0,0.0,0.0,0.0,9.0,0.0,0.0,0.0,0.0,0.0,0.0,0.0
899,1,Mathematics,0.5,0.0,0.0,0.0,0.0,1.5,0.0,0.0,0.0,1.5,4.0,0.0,0.0,0.0
901,1,Statistics,5.5,8.0,0.0,0.0,0.0,6.5,0.0,0.0,0.0,0.0,0.0,0.0,0.0,0.0
926,1,Mathematics,-4.0,10.5,0.0,10.5,9.0,-8.0,0.0,0.0,0.0,0.0,9.0,0.0,0.0,0.0
937,1,Computer Science,0.0,0.0,0.0,0.0,6.5,5.5,0.0,0.0,0.0,0.0,0.0,0.0,0.0,0.0
943,0,Statistics,3.0,0.0,0.0,0.0,0.0,0.0,0.0,0.0,0.0,0.0,0.0,0.0,0.0,0.0
960,1,Mathematics,0.5,-2.0,0.0,0.0,0.0,0.5,0.0,0.0,0.0,0.0,4.5,0.0,2.0,3.0
966,0,Mathematics,0.0,5.5,6.5,-5.5,4.0,0.0,4.0,0.0,0.0,0.0,0.0,0.0,0.0,0.0
967,1,Mathematics,1.5,0.0,0.0,0.0,4.0,3.0,0.0,6.5,8.0,0.0,0.0,0.0,0.0,0.0
975,1,Mathematics,0.0,0.0,6.5,8.0,0.0,0.0,0.0,9.0,8.0,6.5,6.5,9.0,0.0,0.0
985,1,Physics,0.0,0.0,0.0,0.0,0.0,0.0,0.0,0.0,0.0,4.0,0.0,0.0,0.0,0.0
1036,1,Statistics,0.0,0.0,0.0,0.0,0.0,4.0,0.0,0.0,0.0,0.0,0.0,0.0,0.0,0.0
1051,1,Physics,0.5,0.0,0.0,0.0,0.0,5.5,0.0,0.0,0.0,1.5,0.0,0.0,0.0,0.0
1065,1,Sociology,3.0,0.0,0.0,0.0,0.0,8.0,0.0,0.0,0.0,0.0,0.0,0.0,8.0,0.0
1085,1,Mathematics,4.5,-7.0,0.0,0.0,0.0,9.5,8.0,8.0,7.0,0.0,9.5,10.5,0.0,0.0
1087,1,Computer Science,0.0,0.0,0.0,0.0,0.0,-5.5,0.0,0.0,0.0,0.0,0.0,0.0,0.0,0.0
1104,1,Computer Science,3.0,0.0,0.0,0.0,0.0,6.5,0.0,0.0,0.0,0.0,0.0,0.0,0.0,0.0
1105,1,Political Science,1.5,0.0,0.0,0.0,0.0,3.0,0.0,0.0,0.0,0.0,4.0,0.0,0.0,0.0
1107,1,Mathematics,8.0,6.5,0.0,8.0,6.5,6.5,0.0,0.0,0.0,0.0,6.5,9.0,0.0,0.0
1133,1,Psychology,3.0,4.0,0.0,0.0,0.0,3.0,0.0,0.0,0.0,0.0,7.0,0.0,5.5,6.5
1135,1,Mathematics,3.0,5.5,0.0,0.0,0.0,4.0,0.0,0.0,0.0,0.0,6.5,0.0,5.5,6.5
1141,1,Mathematics,3.0,5.5,0.0,0.0,10.5,4.5,0.0,0.0,0.0,0.0,5.5,8.0,7.0,8.0
1183,0,Mathematics,0.5,3.0,4.0,-5.5,0.0,1.5,0.0,0.0,0.0,0.0,4.5,0.0,3.0,4.0
1207,1,Mathematics,8.0,0.0,0.0,0.0,0.0,9.0,0.0,0.0,-10.5,0.0,10.5,0.0,0.0,0.0
1208,1,Mathematics,3.0,5.5,9.0,0.0,6.5,4.0,0.0,4.0,0.0,8.0,5.5,6.5,0.0,9.0
1209,1,Mathematics,1.5,-6.5,0.0,0.0,0.0,3.0,0.0,0.0,0.0,0.0,-6.5,0.0,5.5,6.5
1219,1,Biochemistry,3.0,0.0,0.0,0.0,0.0,5.5,0.0,0.0,0.0,0.0,0.0,0.0,0.0,0.0
1223,1,Mathematics,0.0,5.5,0.0,0.0,0.0,5.5,5.5,0.0,0.0,0.0,7.0,8.0,0.0,0.0
1225,1,Mathematics,8.0,11.5,-14.0,-13.0,0.0,10.5,0.0,0.0,0.0,13.0,-14.0,0.0,0.0,0.0
1228,1,Statistics,0.0,0.0,0.0,0.0,0.0,0.0,0.0,0.0,0.0,0.0,11.5,0.0,0.0,0.0
1261,1,Mathematics,0.0,0.0,0.0,0.0,0.0,0.0,0.0,0.0,0.0,0.0,8.0,0.0,0.0,6.5
1263,1,Mathematics,0.0,4.0,0.0,0.0,0.0,0.0,0.0,0.0,0.0,0.0,6.5,0.0,5.5,6.5
1265,1,Mathematics,0.0,2.0,3.0,2.0,3.0,0.5,0.0,0.0,0.0,2.0,4.5,0.0,4.5,0.0
1273,1,Technical Communication,4.0,0.0,0.0,0.0,0.0,0.0,0.0,0.0,0.0,0.0,0.0,0.0,0.0,0.0
1280,1,Computer Science,0.0,9.0,0.0,5.5,0.0,-4.0,0.0,0.0,0.0,0.0,0.0,0.0,0.0,0.0
1290,0,Business,-5.5,0.0,0.0,0.0,0.0,0.0,0.0,0.0,0.0,0.0,0.0,0.0,0.0,0.0
1307,1,Mathematics,1.5,3.0,0.0,0.0,-4.0,0.0,0.0,0.0,0.0,0.5,-3.0,0.0,0.0,0.0
1310,1,Statistics,8.0,0.0,0.0,0.0,0.0,0.0,0.0,0.0,0.0,0.0,0.0,0.0,0.0,0.0
1312,0,Mathematics,3.0,0.0,0.0,0.0,0.0,5.5,0.0,4.0,8.0,0.0,0.0,0.0,0.0,0.0
1328,1,Physics,0.0,7.0,0.0,0.0,0.0,5.5,0.0,0.0,0.0,0.0,0.0,0.0,0.0,0.0
1332,0,Liberal Arts and Sciences,0.0,0.5,0.0,0.0,0.0,0.0,0.0,0.0,0.0,0.0,0.0,0.0,0.0,0.0
1348,1,Mathematics,0.0,5.5,0.0,8.0,4.0,4.0,4.0,0.0,0.0,6.5,4.0,6.5,0.0,0.0
1385,1,Mathematics,4.0,-5.5,-6.5,0.0,0.0,4.0,0.0,6.5,0.0,5.5,4.5,6.5,-5.5,0.0
1388,1,Statistics,3.0,0.0,0.0,0.0,0.0,0.0,0.0,0.0,0.0,0.0,0.0,0.0,0.0,0.0
1397,1,Statistics,3.0,0.0,0.0,5.5,0.0,4.0,0.0,0.0,0.0,0.0,9.0,0.0,0.0,0.0
1428,1,Mathematics,3.0,8.0,0.0,0.0,0.0,4.0,0.0,0.0,0.0,0.0,7.0,0.0,8.0,9.0
1450,1,Computer Science,0.0,0.0,0.0,5.5,0.0,0.0,0.0,0.0,0.0,0.0,0.0,0.0,0.0,0.0
1465,1,Computer Science,4.0,0.0,0.0,0.0,0.0,0.0,0.0,0.0,0.0,0.0,0.0,0.0,0.0,0.0
1470,1,Mathematics,4.0,8.0,0.0,0.0,0.0,5.5,0.0,0.0,0.0,0.0,6.5,0.0,5.5,6.5
1471,1,Computer Science,3.0,0.0,0.0,0.0,0.0,0.0,0.0,0.0,0.0,0.0,0.0,0.0,0.0,0.0
1488,1,Mathematics,0.0,1.5,0.0,0.0,0.0,0.0,0.0,0.0,0.0,0.0,1.5,0.0,5.5,6.5
1522,1,Physics,5.5,0.0,0.0,0.0,0.0,6.5,0.0,6.5,0.0,4.0,8.0,9.0,0.0,0.0
1523,1,Statistics,3.0,6.5,0.0,0.0,9.0,5.5,0.0,0.0,8.0,0.0,8.0,0.0,0.0,0.0
1526,1,Philosophy,5.5,0.0,0.0,0.0,0.0,6.5,9.0,0.0,0.0,-5.5,-6.5,0.0,0.0,0.0
1532,1,Computer Science,4.0,8.0,0.0,0.0,4.0,3.0,0.0,0.0,0.0,0.0,0.0,0.0,0.0,0.0
1541,0,Mathematics,10.5,-13.0,0.0,0.0,14.0,11.5,11.5,0.0,0.0,0.0,-12.0,0.0,13.0,-14.0
1553,1,Computer Science,4.0,0.0,0.0,0.0,0.0,5.5,0.0,0.0,0.0,0.0,0.0,0.0,0.0,0.0
1579,1,Mathematics,0.0,0.0,6.5,0.0,0.0,5.5,0.0,0.0,0.0,5.5,8.0,0.0,0.0,0.0
1584,0,Mathematics,0.0,4.0,0.0,0.0,0.0,0.0,0.0,0.0,0.0,0.0,0.0,4.0,0.0,0.0
1598,1,Computer Science,0.0,0.0,0.0,0.0,0.0,0.0,0.0,0.0,0.0,0.0,0.0,0.0,0.0,9.0
1615,1,Statistics,2.0,0.0,0.0,4.5,0.0,3.0,0.0,0.0,0.0,0.0,0.0,0.0,0.0,0.0
1627,1,Computer Science,0.0,5.5,0.0,0.0,9.0,4.0,6.5,0.0,0.0,0.0,9.0,0.0,0.0,0.0
1636,1,Mathematics,0.5,4.5,0.0,4.5,0.0,2.0,0.0,5.5,0.0,0.0,2.0,3.0,0.0,0.0
1641,1,Physics,0.0,0.0,0.0,0.0,0.0,0.0,0.0,0.0,0.0,4.0,0.0,0.0,0.0,0.0
1650,1,Mathematics,3.0,5.5,0.0,0.0,9.0,-4.0,0.0,0.0,0.0,0.0,4.5,0.0,8.0,9.0
1678,0,Mathematics,1.5,0.0,0.0,0.0,0.0,0.0,0.0,0.0,0.0,0.0,0.0,0.0,0.0,0.0
1684,1,Mathematics,3.0,-5.5,0.0,0.0,0.0,4.0,0.0,0.0,0.0,0.0,6.5,0.0,5.5,6.5
1703,1,Computer Science,4.0,9.0,0.0,0.0,9.0,6.5,9.0,0.0,0.0,0.0,0.0,0.0,0.0,0.0
1737,1,Event Management,3.0,0.0,0.0,0.0,0.0,0.0,0.0,0.0,0.0,0.0,0.0,0.0,0.0,0.0
1759,1,Statistics,8.0,-8.0,0.0,0.0,0.0,6.5,9.0,0.0,8.0,0.0,5.5,6.5,0.0,0.0
1768,1,Mathematics,4.0,-8.0,0.0,8.0,0.0,-6.5,0.0,0.0,-8.0,0.0,10.5,0.0,0.0,0.0
1770,1,Liberal Arts and Sciences,5.5,0.0,0.0,0.0,0.0,0.0,6.5,0.0,0.0,0.0,0.0,0.0,0.0,0.0
1777,1,Statistics,0.0,0.0,0.0,0.0,0.0,6.5,0.0,0.0,10.5,0.0,-10.5,9.0,0.0,0.0
1790,1,Physics,1.5,0.0,0.0,8.0,0.0,0.0,0.0,6.5,0.0,5.5,0.0,0.0,0.0,0.0
1794,1,Mathematics,0.5,5.5,0.0,0.0,0.0,1.5,0.0,0.0,0.0,0.0,4.5,0.0,5.5,6.5
1803,1,Mathematics,0.0,-9.0,0.0,0.0,0.0,0.0,0.0,0.0,0.0,0.0,10.5,0.0,0.0,9.0
1820,1,Computer Science,0.0,5.5,0.0,0.0,6.5,1.5,9.0,0.0,0.0,0.0,0.0,0.0,0.0,0.0
1824,1,Computer Science,1.5,3.0,4.0,0.0,6.5,4.0,0.0,0.0,0.0,0.0,0.0,0.0,0.0,0.0
1836,1,Computer Science,3.0,-5.5,0.0,-8.0,6.5,5.5,0.0,0.0,10.5,-13.0,9.0,0.0,10.5,0.0
1846,1,Physics,-1.5,3.0,-4.0,0.0,0.0,3.0,0.0,0.0,0.0,0.0,0.0,0.0,0.0,0.0
1849,1,Mathematics,4.0,0.0,0.0,5.5,0.0,-5.5,6.5,0.0,0.0,0.0,5.5,0.0,0.0,0.0
1856,1,Computer Science,3.0,0.0,0.0,0.0,0.0,0.0,0.0,0.0,0.0,0.0,0.0,0.0,0.0,0.0
1873,1,Mathematics,0.5,0.0,0.0,5.5,0.0,1.5,-4.0,0.0,3.0,0.0,0.0,0.0,0.0,0.0
1874,1,Mathematics,0.0,8.0,0.0,0.0,0.0,0.0,8.0,8.0,0.0,0.0,9.5,10.5,9.5,0.0
1885,0,Mathematics,-9.0,0.0,0.0,0.0,0.0,0.0,0.0,0.0,0.0,0.0,0.0,0.0,0.0,0.0
1895,1,Mathematics,3.0,-5.5,0.0,0.0,0.0,4.0,0.0,0.0,0.0,0.0,0.0,0.0,0.0,0.0
1898,1,Physics,0.0,0.0,0.0,0.0,0.0,0.0,11.5,0.0,0.0,0.0,0.0,0.0,0.0,0.0
1900,1,Meteorology,0.0,0.0,0.0,0.0,0.0,0.0,0.0,0.0,0.0,5.5,0.0,0.0,0.0,0.0
1908,1,Statistics,3.0,0.0,0.0,0.0,0.0,0.0,0.0,0.0,0.0,0.0,0.0,0.0,0.0,0.0
1909,1,Statistics,3.0,0.0,0.0,0.0,0.0,0.0,0.0,0.0,0.0,0.0,0.0,0.0,0.0,0.0
1928,0,Business,-5.5,0.0,0.0,0.0,0.0,0.0,0.0,0.0,0.0,0.0,0.0,0.0,0.0,0.0
1930,1,Mathematics,0.0,0.0,0.0,0.0,0.0,0.0,0.0,0.0,0.0,0.0,8.0,0.0,0.0,6.5
1937,1,Mechanical Engineering,1.5,0.0,0.0,0.0,0.0,0.0,0.0,0.0,0.0,0.0,0.0,0.0,0.0,0.0
1954,1,Mathematics,0.5,5.5,0.0,0.0,0.0,1.5,4.0,1.5,0.0,4.0,3.0,6.5,3.0,4.0
1964,1,Meteorology,0.0,0.0,0.0,0.0,0.0,0.0,0.0,0.0,5.5,9.0,0.0,0.0,0.0,0.0
1978,0,Computer Science,0.0,0.0,0.0,0.0,0.0,0.0,0.0,0.0,0.0,10.5,0.0,0.0,0.0,0.0
1985,1,Physics,0.0,0.0,0.0,0.0,0.0,0.0,0.0,0.0,0.0,3.0,0.0,0.0,0.0,0.0
1994,1,Mathematics,0.0,-5.5,0.0,0.0,0.0,4.0,0.0,9.0,0.0,0.0,-5.5,0.0,8.0,9.0
2001,1,Mathematics,5.5,8.0,0.0,0.0,0.0,6.5,0.0,0.0,0.0,-4.0,8.0,9.0,0.0,0.0
2002,1,Computer Science,4.0,6.5,9.0,8.0,0.0,5.5,0.0,0.0,0.0,0.0,8.0,0.0,0.0,0.0
2025,1,Mathematics,1.5,4.0,0.0,5.5,0.0,3.0,0.0,0.0,0.0,3.0,4.0,6.5,5.5,0.0
2057,0,Mathematics,0.0,14.0,0.0,0.0,14.0,0.0,14.0,0.0,0.0,0.0,0.0,0.0,0.0,14.0
2059,1,Mathematics,0.5,0.0,0.0,0.0,4.0,-1.5,0.0,0.0,0.0,3.0,0.0,0.0,0.0,0.0
2062,1,Statistics,4.0,0.0,0.0,8.0,0.0,5.5,0.0,0.0,0.0,0.0,5.5,0.0,0.0,0.0
2084,1,Mathematics,-1.5,4.0,0.0,0.0,-9.0,3.0,0.0,0.0,0.0,0.0,8.0,0.0,5.5,4.0
2091,0,Liberal Arts and Sciences,0.0,0.0,0.0,0.0,0.0,0.5,0.0,0.0,0.0,0.0,0.0,0.0,0.0,0.0
2093,1,Systems Engineering,1.5,0.0,0.0,0.0,0.0,3.0,0.0,0.0,0.0,0.0,0.0,0.0,0.0,0.0
2118,1,Mathematics,6.5,8.0,0.0,0.0,0.0,6.5,0.0,0.0,0.0,0.0,10.5,0.0,8.0,9.0
2179,1,Mathematics,1.5,0.0,0.0,0.0,0.0,4.0,0.0,0.0,5.5,0.0,5.5,0.0,0.0,0.0
2196,1,English,1.5,0.0,0.0,0.0,0.0,0.0,0.0,0.0,0.0,0.0,0.0,0.0,0.0,0.0
2209,1,Statistics,0.0,0.0,0.0,0.0,0.0,0.0,0.0,0.0,0.0,0.0,0.0,9.0,0.0,0.0
2223,1,Mathematics,0.0,3.0,0.0,3.0,1.5,0.5,0.0,0.0,0.0,0.0,0.5,0.0,0.0,4.0
2227,1,Chemisty,1.5,6.5,9.0,0.0,0.0,4.0,0.0,6.5,0.0,5.5,4.0,0.0,0.0,0.0
2235,1,Economics,-6.5,0.0,0.0,0.0,0.0,6.5,0.0,0.0,0.0,0.0,-10.5,0.0,0.0,0.0
2253,1,Mathematics,0.0,0.0,6.5,0.0,0.0,0.0,0.0,0.0,0.0,0.0,0.0,6.5,0.0,0.0
2269,1,Chemisty,0.5,0.0,0.0,0.0,9.0,6.5,0.0,9.0,8.0,9.0,0.0,0.0,0.0,0.0
2287,1,Mathematics,4.0,0.0,0.0,0.0,0.0,6.5,0.0,0.0,0.0,0.0,7.0,0.0,0.0,0.0
2303,1,Economics,0.0,10.5,0.0,-10.5,0.0,9.0,0.0,0.0,0.0,0.0,0.0,0.0,0.0,0.0
2312,1,Data Science,0.0,0.0,0.0,0.0,0.0,0.0,0.0,0.0,0.0,0.0,9.0,0.0,0.0,0.0
2313,1,Chemisty,5.5,0.0,0.0,0.0,9.0,6.5,0.0,0.0,0.0,0.0,0.0,0.0,0.0,0.0
2323,0,Mathematics,3.0,0.0,0.0,0.0,0.0,0.0,0.0,0.0,0.0,0.0,5.5,6.5,0.0,0.0
2332,1,Mathematics,0.0,1.5,0.0,3.0,0.0,0.0,0.0,1.5,0.0,1.5,3.0,4.0,0.0,0.0
2347,1,Computer Science,3.0,0.0,0.0,0.0,6.5,4.0,0.0,0.0,0.0,0.0,0.0,0.0,0.0,0.0
2350,1,Mathematics,0.0,-11.5,0.0,-10.5,0.0,10.5,0.0,0.0,10.5,0.0,0.0,0.0,0.0,0.0
2352,1,Statistics,4.0,0.0,0.0,0.0,0.0,-5.5,0.0,0.0,0.0,0.0,0.0,0.0,0.0,0.0
2356,1,Computer Science,0.0,0.0,0.0,0.0,0.0,4.0,0.0,0.0,8.0,0.0,0.0,0.0,0.0,0.0
2361,0,Mathematics,9.0,0.0,0.0,0.0,0.0,0.0,0.0,0.0,0.0,0.0,0.0,0.0,0.0,0.0
2374,1,Physics,3.0,8.0,0.0,10.5,0.0,5.5,0.0,0.0,0.0,3.0,7.0,0.0,0.0,0.0
2375,1,Computer Science,0.5,3.0,0.0,5.5,6.5,1.5,0.0,0.0,0.0,0.0,0.0,0.0,0.0,0.0
2380,1,Physics,10.5,0.0,0.0,0.0,0.0,6.5,0.0,6.5,8.0,4.0,11.5,0.0,0.0,0.0
2381,0,Mathematics,4.0,-14.0,0.0,0.0,0.0,-5.5,14.0,14.0,0.0,0.0,0.0,0.0,-10.5,14.0
2389,1,Computer Science,0.0,0.0,0.0,0.0,0.0,9.0,-6.5,0.0,0.0,0.0,10.5,0.0,0.0,0.0
2391,1,Economics,3.0,0.0,0.0,0.0,0.0,3.0,0.0,0.0,0.0,0.0,5.5,0.0,0.0,0.0
2398,1,Management,4.0,0.0,0.0,0.0,0.0,0.0,0.0,0.0,0.0,0.0,0.0,0.0,0.0,0.0
2411,1,Statistics,3.0,0.0,0.0,0.0,0.0,4.0,0.0,0.0,8.0,0.0,5.5,0.0,0.0,0.0
2420,0,Physics,0.0,0.0,0.0,0.0,0.0,0.0,0.0,0.0,0.0,9.5,0.0,0.0,0.0,0.0
2421,1,Physics,8.0,0.0,0.0,0.0,11.5,9.0,0.0,0.0,0.0,8.0,0.0,0.0,0.0,0.0
2431,1,Biochemistry,8.0,0.0,0.0,0.0,0.0,0.0,0.0,0.0,0.0,0.0,0.0,0.0,0.0,0.0
2464,1,Statistics,3.0,0.0,0.0,0.0,0.0,5.5,0.0,0.0,0.0,0.0,0.0,0.0,0.0,0.0
2469,1,Computer Science,0.0,8.0,0.0,0.0,4.0,3.0,0.0,0.0,0.0,0.0,0.0,0.0,0.0,0.0
2495,1,Physics,0.0,0.0,0.0,0.0,0.0,0.0,0.0,0.0,0.0,4.0,0.0,0.0,0.0,0.0
2510,1,Mathematics,4.0,6.5,0.0,0.0,0.0,5.5,9.0,0.0,0.0,0.0,7.0,0.0,8.0,6.5
2522,1,Mathematics,0.5,2.0,0.0,0.0,0.0,0.0,0.0,0.0,0.0,0.0,3.0,0.0,2.0,3.0
2530,1,Mathematics,0.0,5.5,6.5,0.0,6.5,4.0,0.0,4.0,0.0,0.0,5.5,0.0,0.0,0.0
2532,1,Mathematics,1.5,-4.0,0.0,0.0,6.5,3.0,0.0,0.0,0.0,9.0,0.0,0.0,0.0,0.0
2550,1,Mathematics,0.5,3.0,4.0,0.0,1.5,1.5,0.0,0.0,0.0,0.0,3.0,4.0,0.0,0.0
2574,1,Statistics,4.0,2.5,7.5,0.0,0.0,1.5,0.0,0.0,4.0,0.0,3.0,0.0,0.0,0.0
2575,1,Chemisty,3.0,6.5,0.0,0.0,0.0,5.5,0.0,0.0,0.0,0.0,0.0,0.0,0.0,0.0
2583,1,Economics,-5.5,0.0,0.0,0.0,0.0,0.0,0.0,0.0,0.0,0.0,0.0,0.0,0.0,0.0
2610,1,Statistics,3.0,0.0,0.0,0.0,0.0,4.0,0.0,0.0,0.0,0.0,0.0,0.0,8.0,0.0
2615,1,Mathematics,3.0,6.5,0.0,0.0,0.0,4.0,0.0,0.0,0.0,0.0,8.0,0.0,5.5,6.5
2621,1,Mathematics,0.0,0.0,0.0,0.0,0.0,0.0,9.0,0.0,0.0,0.0,0.0,0.0,0.0,9.0
2627,1,Mathematics,3.0,-5.5,0.0,0.0,0.0,4.0,0.0,0.0,0.0,6.5,4.5,0.0,5.5,4.0
2630,1,Mathematics,0.0,0.0,0.0,0.0,0.0,0.0,0.0,0.0,0.0,0.0,8.0,0.0,8.0,6.5
2652,1,Mathematics,4.0,8.0,0.0,0.0,0.0,6.5,0.0,0.0,0.0,0.0,9.0,0.0,8.0,9.0
2653,1,Computer Science,0.0,0.0,0.0,0.0,0.0,-0.5,0.0,0.0,0.0,0.0,0.0,0.0,0.0,0.0
2663,0,Liberal Arts and Sciences,0.0,0.0,0.0,0.0,0.0,0.0,0.0,11.5,0.0,0.0,0.0,0.0,0.0,0.0
2671,1,Mathematics,4.0,6.5,0.0,0.0,0.0,5.5,9.0,0.0,8.0,0.0,8.0,0.0,8.0,9.0
2709,1,Statistics,0.0,0.0,0.0,0.0,0.0,0.5,0.0,0.0,-0.5,0.0,0.0,0.0,0.0,0.0
2724,1,Interdisciplinary Studies,1.5,0.0,0.0,0.0,0.0,1.5,0.0,0.0,0.0,0.0,0.0,0.0,0.0,0.0
2738,1,Physics,0.0,0.0,0.0,0.0,0.0,0.0,0.0,0.0,0.0,5.5,0.0,0.0,0.0,0.0
2749,1,Mathematics,0.0,0.0,0.0,0.0,0.0,3.0,0.0,0.0,7.0,0.0,5.5,0.0,0.0,0.0
2751,1,Mathematics,4.0,0.0,0.0,0.0,0.0,4.0,0.0,0.0,0.0,0.0,5.5,0.0,0.0,0.0
2775,1,Mathematics,0.0,-6.5,0.0,0.0,0.0,0.0,0.0,0.0,0.0,0.0,-8.0,0.0,8.0,9.0
2776,1,Statistics,0.0,0.0,0.0,0.0,0.0,3.0,0.0,0.0,0.0,0.0,0.0,0.0,0.0,0.0
2785,1,Statistics,4.0,5.5,0.0,0.0,0.0,4.0,0.0,0.0,0.0,0.0,0.0,0.0,0.0,0.0
2805,1,Mathematics,0.0,0.0,0.0,0.0,0.0,0.0,0.0,0.0,0.0,0.0,0.0,0.0,0.0,-11.5
2812,1,Mathematics,4.0,5.5,0.0,0.0,0.0,4.0,0.0,0.0,0.0,0.0,7.0,0.0,5.5,6.5
2814,1,Mathematics,4.0,8.0,0.0,0.0,0.0,5.5,0.0,0.0,0.0,0.0,-7.0,0.0,5.5,6.5
2821,1,Economics,5.5,0.0,0.0,0.0,0.0,8.0,0.0,0.0,0.0,0.0,9.0,0.0,0.0,0.0
2864,1,Mathematics,0.0,3.0,4.0,0.0,4.0,3.0,1.5,0.0,0.0,0.0,0.5,0.0,0.0,0.0
2873,1,Computer Science,0.0,0.0,0.0,0.0,5.5,0.0,0.0,0.0,0.0,0.0,0.0,0.0,0.0,0.0
2874,1,Mathematics,0.0,10.5,0.0,0.0,-9.0,0.0,0.0,0.0,0.0,0.0,0.0,0.0,0.0,0.0
2893,1,Mathematics,5.5,8.0,9.0,8.0,6.5,6.5,0.0,0.0,0.0,0.0,6.5,9.0,0.0,0.0
2901,1,Computer Science,0.0,5.5,0.0,0.0,0.0,0.0,6.5,0.0,0.0,0.0,0.0,0.0,0.0,0.0
2911,1,Mathematics,1.5,3.0,0.0,3.0,0.0,1.5,4.0,6.5,0.0,0.0,4.0,0.0,3.0,4.0
2934,1,Mathematics,3.0,6.5,0.0,0.0,0.0,4.0,0.0,0.0,0.0,0.0,5.5,0.0,8.0,9.0
2951,1,Mathematics,8.0,6.5,0.0,8.0,0.0,5.5,0.0,0.0,0.0,0.0,4.5,0.0,8.0,9.0
2954,1,Physics,0.0,0.0,0.0,0.0,0.0,0.0,0.0,0.0,0.0,4.0,0.0,0.0,0.0,0.0
2971,1,Meteorology,0.0,0.0,0.0,0.0,0.0,0.0,0.0,0.0,0.0,9.0,0.0,0.0,0.0,0.0
2981,1,Physics,0.0,0.0,0.0,0.0,0.0,0.0,0.0,0.0,0.0,10.5,0.0,0.0,0.0,0.0
2998,1,Mathematics,3.0,5.5,0.0,8.0,6.5,4.0,6.5,0.0,0.0,0.0,8.0,9.0,0.0,0.0
3002,1,Psychology,1.5,0.0,0.0,0.0,6.5,3.0,4.0,0.0,5.5,0.0,0.0,0.0,0.0,0.0
3005,1,Liberal Arts and Sciences,1.5,0.0,0.0,5.5,0.0,6.5,0.0,0.0,0.0,4.0,0.0,0.0,0.0,0.0
3028,0,Computer Science,9.0,0.0,0.0,0.0,0.0,0.0,0.0,0.0,0.0,0.0,0.0,0.0,0.0,0.0
3031,1,Economics,3.0,8.0,0.0,8.0,0.0,4.0,0.0,9.0,0.0,0.0,0.0,0.0,0.0,0.0
3038,0,Mathematics,-2.0,0.0,0.0,0.0,0.0,-3.0,0.0,-3.0,0.0,0.0,0.0,0.0,0.0,0.0
3121,1,Mathematics,0.5,3.0,4.0,0.0,4.0,1.5,0.0,0.0,0.0,3.0,5.5,0.0,0.0,0.0
3131,0,Mathematics,0.5,0.0,0.0,0.0,0.0,1.5,0.0,0.0,0.0,1.5,2.0,0.0,0.0,0.0
3135,1,Meteorology,0.0,0.0,0.0,0.0,0.0,0.0,0.0,0.0,0.0,8.0,0.0,0.0,0.0,0.0
3139,0,Computer Science,3.0,0.0,0.0,0.0,0.0,-4.0,0.0,0.0,0.0,0.0,0.0,0.0,0.0,0.0
3141,1,Mathematics,1.5,4.0,0.0,0.0,0.0,-3.0,0.0,0.0,0.0,0.0,7.0,0.0,5.5,6.5
3158,1,Mathematics,4.0,-8.0,0.0,0.0,0.0,-6.5,0.0,0.0,0.0,0.0,9.0,0.0,8.0,9.0
3173,1,Mathematics,2.0,0.0,0.0,0.0,0.0,5.5,0.0,0.0,0.0,0.0,5.5,0.0,0.0,0.0
3177,1,Statistics,3.0,0.0,0.0,0.0,0.0,5.5,0.0,0.0,0.0,0.0,9.5,0.0,0.0,0.0
3190,1,Meteorology,0.0,0.0,0.0,0.0,0.0,0.0,0.0,0.0,0.0,6.5,0.0,0.0,0.0,0.0
3191,1,Mathematics,0.0,4.0,0.0,8.0,9.0,0.0,9.0,0.0,5.5,0.0,5.5,0.0,0.0,0.0
3213,0,Liberal Arts and Sciences,7.0,0.0,0.0,0.0,0.0,0.0,0.0,0.0,0.0,0.0,0.0,0.0,0.0,0.0
3228,1,Physics,0.0,0.0,0.0,0.0,0.0,0.0,0.0,0.0,0.0,6.5,0.0,0.0,0.0,0.0
3247,1,Data Science,0.0,0.0,0.0,0.0,0.0,0.0,0.0,0.0,8.0,0.0,0.0,0.0,0.0,0.0
3256,1,Mathematics,1.5,6.5,0.0,0.0,0.0,5.5,6.5,0.0,0.0,0.0,8.0,0.0,8.0,6.5
3257,1,Computer Science,4.0,6.5,0.0,0.0,0.0,5.5,0.0,0.0,0.0,0.0,0.0,0.0,0.0,0.0
3278,1,Economics,13.0,0.0,0.0,0.0,0.0,0.0,0.0,0.0,0.0,0.0,-13.0,0.0,0.0,0.0
3283,1,Meteorology,0.0,0.0,0.0,0.0,0.0,0.0,0.0,0.0,0.0,8.0,0.0,0.0,0.0,0.0
3287,1,Mathematics,3.0,4.0,9.0,0.0,0.0,3.0,0.0,0.0,8.0,0.0,5.5,0.0,0.0,0.0
3298,0,Liberal Arts and Sciences,0.0,0.0,0.0,0.0,0.0,0.0,0.0,5.5,0.0,0.0,0.0,0.0,0.0,0.0
3301,1,Mathematics,4.0,0.0,0.0,0.0,0.0,5.5,0.0,0.0,8.0,0.0,6.5,0.0,0.0,0.0
3331,1,Mathematics,0.0,5.5,0.0,0.0,0.0,4.0,0.0,0.0,0.0,0.0,0.0,0.0,0.0,0.0
3338,0,Economics,-0.5,0.0,0.0,0.0,0.0,0.0,0.0,0.0,0.0,0.0,0.0,0.0,0.0,0.0
3344,1,Mathematics,0.0,9.0,0.0,0.0,0.0,0.0,0.0,0.0,0.0,0.0,12.0,0.0,10.5,11.5
3359,1,Computer Science,9.0,0.0,0.0,0.0,0.0,0.0,9.0,0.0,0.0,0.0,0.0,0.0,0.0,0.0
3363,1,Computer Science,0.0,0.0,0.0,0.0,6.5,4.0,0.0,0.0,0.0,0.0,0.0,0.0,0.0,0.0
3372,1,Mathematics,3.0,6.5,0.0,0.0,0.0,5.5,0.0,0.0,5.5,0.0,4.5,0.0,0.0,0.0
3378,0,Physics,0.0,0.0,0.0,0.0,0.0,0.0,0.0,0.0,0.0,-15.0,0.0,0.0,0.0,0.0
3406,1,Mathematics,3.0,-5.5,0.0,0.0,0.0,4.0,0.0,0.0,0.0,0.0,8.0,0.0,5.5,6.5
3410,1,Music,1.5,0.0,0.0,0.0,0.0,0.0,0.0,0.0,0.0,0.0,0.0,0.0,0.0,0.0
3431,1,Physics,-6.5,0.0,0.0,0.0,0.0,0.0,0.0,0.0,0.0,0.0,0.0,0.0,0.0,0.0
3451,1,Economics,0.0,0.0,0.0,0.0,0.0,6.5,0.0,0.0,0.0,0.0,9.0,0.0,0.0,0.0
3482,0,Mathematics,3.0,0.0,0.0,0.0,0.0,-4.0,0.0,0.0,0.0,0.0,0.0,0.0,0.0,0.0
3491,1,Mathematics,0.5,4.0,0.0,0.0,0.0,1.5,4.0,0.0,0.0,0.0,3.0,0.0,3.0,1.5
3492,1,Statistics,3.0,5.5,0.0,0.0,0.0,4.0,0.0,0.0,0.0,0.0,0.0,0.0,0.0,0.0
3495,1,Physics,0.0,0.0,0.0,0.0,0.0,0.0,0.0,0.0,0.0,4.0,0.0,0.0,0.0,0.0
3530,1,Mathematics,1.5,4.0,0.0,5.5,0.0,3.0,0.0,0.0,0.0,0.0,6.5,0.0,5.5,4.0
3537,1,Computer Science,3.0,8.0,0.0,8.0,6.5,-4.0,11.5,0.0,0.0,0.0,0.0,0.0,0.0,0.0
3548,1,Chemisty,6.5,0.0,0.0,0.0,0.0,8.0,0.0,0.0,10.5,0.0,0.0,0.0,0.0,0.0
3567,1,Mathematics,5.5,9.0,0.0,0.0,0.0,-8.0,0.0,6.5,0.0,0.0,-9.5,0.0,-8.0,0.0
3569,1,Mathematics,0.0,9.0,0.0,0.0,0.0,0.0,0.0,0.0,0.0,0.0,9.5,0.0,0.0,9.0
3581,1,Construction Engineering,1.5,0.0,0.0,0.0,0.0,0.0,0.0,0.0,0.0,0.0,0.0,0.0,0.0,0.0
3583,1,Mathematics,9.0,0.0,0.0,0.0,9.0,8.0,9.0,0.0,0.0,0.0,8.0,0.0,0.0,0.0
3588,1,Chemisty,3.0,5.5,0.0,0.0,0.0,6.5,0.0,0.0,0.0,0.0,0.0,0.0,0.0,0.0
3660,1,Mathematics,0.0,0.0,0.0,0.0,0.0,0.0,0.0,0.0,0.0,0.0,-7.0,0.0,0.0,0.0
3668,1,Liberal Arts and Sciences,0.0,0.0,0.0,0.0,0.0,0.0,0.0,-1.5,0.0,0.0,0.0,0.0,0.0,0.0
3680,0,Physics,0.0,0.0,0.0,0.0,0.0,0.0,0.0,0.0,0.0,5.5,0.0,0.0,0.0,0.0
3685,1,Liberal Arts and Sciences,5.5,0.0,0.0,0.0,0.0,0.0,0.0,0.0,0.0,0.0,-7.0,0.0,0.0,0.0
3700,1,Physics,1.5,0.0,0.0,8.0,0.0,6.5,0.0,9.0,0.0,5.5,5.5,0.0,0.0,0.0
3722,1,Statistics,4.0,9.0,0.0,0.0,0.0,5.5,0.0,0.0,0.0,0.0,0.0,0.0,0.0,0.0
3733,1,Systems Engineering,3.0,0.0,0.0,0.0,0.0,0.0,0.0,0.0,0.0,0.0,0.0,0.0,0.0,0.0
3739,0,Mathematics,0.0,0.0,0.0,0.0,0.0,4.0,0.0,0.0,0.0,0.0,0.0,0.0,0.0,0.0
3748,1,Biochemistry,4.0,9.0,0.0,0.0,0.0,5.5,0.0,0.0,0.0,0.0,0.0,0.0,0.0,0.0
3749,1,Mathematics,0.5,3.0,0.0,0.0,0.0,1.5,0.0,0.0,0.0,0.0,4.0,0.0,3.0,4.0
3786,1,Physics,1.5,0.0,0.0,0.0,0.0,0.0,0.0,0.0,8.0,4.0,0.0,0.0,0.0,0.0
3790,1,Economics,0.5,0.0,0.0,0.0,0.0,3.0,3.0,0.5,0.0,0.0,0.0,0.0,0.0,0.0
3800,1,Physics,0.0,0.0,0.0,0.0,0.0,0.0,0.0,0.0,0.0,5.5,0.0,0.0,0.0,0.0
3804,1,Economics,6.5,0.0,0.0,0.0,0.0,0.0,0.0,0.0,0.0,0.0,8.0,0.0,0.0,0.0
3822,1,Computer Science,0.0,5.5,0.0,0.0,9.0,4.0,0.0,0.0,0.0,0.0,0.0,0.0,0.0,0.0
3836,1,Computer Science,3.0,-5.5,0.0,-8.0,0.0,-4.0,0.0,0.0,0.0,0.0,0.0,0.0,0.0,0.0
3846,1,Statistics,0.5,0.0,0.0,3.0,0.0,1.5,0.0,0.0,0.0,0.0,0.0,0.0,0.0,0.0
3853,1,Meteorology,0.0,0.0,0.0,0.0,0.0,0.0,0.0,0.0,0.0,9.0,0.0,0.0,0.0,0.0
3860,1,Physics,0.0,0.0,0.0,0.0,0.0,0.0,0.0,0.0,0.0,6.5,0.0,0.0,0.0,0.0
3864,1,Mathematics,4.5,10.5,0.0,9.5,0.0,7.0,0.0,8.0,0.0,0.0,-8.0,10.5,9.5,0.0
3880,1,Statistics,4.0,8.0,0.0,0.0,0.0,5.5,0.0,0.0,0.0,0.0,0.0,0.0,0.0,0.0
3905,1,Biochemistry,0.0,0.0,0.0,0.0,10.5,9.5,0.0,0.0,0.0,0.0,0.0,0.0,0.0,0.0
3925,1,Mathematics,3.0,8.0,9.0,0.0,9.0,4.0,0.0,0.0,0.0,0.0,6.5,0.0,0.0,0.0
3938,1,Mathematics,4.0,0.0,0.0,0.0,0.0,-8.0,0.0,0.0,0.0,0.0,7.0,0.0,0.0,0.0
3951,1,Political Science,3.0,5.5,0.0,0.0,0.0,4.0,0.0,0.0,0.0,0.0,0.0,0.0,0.0,0.0
3958,0,Physics,1.5,0.0,0.0,0.0,0.0,1.5,0.0,0.0,0.0,3.0,0.0,0.0,0.0,0.0
3997,1,Mathematics,1.5,0.0,0.0,0.0,0.0,3.0,0.0,0.0,0.0,0.0,4.0,0.0,0.0,0.0
4013,1,Physics,1.5,0.0,0.0,0.0,0.0,0.0,0.0,0.0,0.0,0.0,0.0,0.0,0.0,0.0
4028,1,Chemisty,4.0,0.0,0.0,0.0,0.0,5.5,0.0,0.0,0.0,0.0,0.0,0.0,8.0,0.0
4038,1,Mathematics,2.5,0.0,0.0,0.0,0.0,4.0,0.0,0.0,6.5,0.0,6.5,0.0,0.0,0.0
4086,0,Computer Science,2.0,0.0,0.0,0.0,0.0,4.5,0.0,0.0,0.0,0.0,0.0,0.0,0.0,0.0
4089,1,Physics,0.0,8.0,0.0,0.0,0.0,0.0,0.0,0.0,0.0,0.0,7.0,9.0,0.0,0.0
4108,1,Statistics,2.0,0.0,0.0,0.0,0.0,2.0,0.0,0.0,0.0,0.0,0.0,0.0,4.5,0.0
4112,1,Mathematics,0.0,0.0,0.0,0.0,0.0,0.5,0.0,0.0,0.0,0.0,0.5,1.5,0.0,0.0
4125,1,Mathematics,4.0,5.5,0.0,0.0,0.0,6.5,0.0,0.0,0.0,0.0,10.5,0.0,8.0,9.0
4147,1,Mathematics,9.0,-13.0,14.0,13.0,0.0,11.5,11.5,11.5,0.0,0.0,14.0,0.0,0.0,0.0
4154,0,Mathematics,0.5,0.0,0.0,0.0,0.0,3.0,1.5,0.0,0.0,0.0,0.0,0.0,0.0,0.0
4156,0,Computer Science,3.0,0.0,0.0,0.0,0.0,0.0,0.0,0.0,0.0,0.0,0.0,0.0,0.0,0.0
4165,0,Computer Science,0.0,0.0,0.0,0.0,0.0,4.0,0.0,0.0,0.0,0.0,0.0,0.0,0.0,0.0
4170,1,Economics,5.5,0.0,0.0,0.0,0.0,10.5,0.0,0.0,0.0,-10.5,9.5,0.0,0.0,0.0
4183,1,Statistics,4.0,10.5,0.0,10.5,0.0,6.5,0.0,0.0,0.0,0.0,9.5,0.0,0.0,0.0
4226,1,Computer Science,4.0,6.5,0.0,0.0,0.0,5.5,0.0,0.0,0.0,0.0,0.0,0.0,0.0,0.0
4263,0,Mathematics,-2.0,0.0,0.0,0.0,0.0,0.0,0.0,0.0,0.0,0.0,0.0,0.0,0.0,0.0
4264,1,Computer Science,0.0,0.0,0.0,0.0,6.5,4.0,0.0,0.0,0.0,0.0,0.0,0.0,0.0,0.0
4266,1,Physics,0.0,0.0,0.0,0.0,0.0,0.0,0.0,0.0,0.0,1.5,0.0,0.0,0.0,0.0
4299,1,Physics,0.0,0.0,0.0,0.0,0.0,0.0,0.0,0.0,0.0,9.0,0.0,0.0,0.0,0.0
4305,1,Statistics,1.5,0.0,0.0,8.0,0.0,3.0,0.0,0.0,0.0,0.0,0.0,0.0,0.0,0.0
4306,1,Computer Science,9.0,0.0,0.0,0.0,0.0,0.0,0.0,0.0,0.0,0.0,0.0,0.0,0.0,0.0
4308,1,Economics,0.0,0.0,0.0,0.0,0.0,1.5,0.0,5.0,0.0,0.0,0.0,0.0,0.0,0.0
4321,1,Mathematics,3.0,5.5,0.0,0.0,0.0,4.0,0.0,0.0,0.0,0.0,8.0,0.0,5.5,6.5
4326,1,Data Science,0.0,4.0,0.0,5.5,4.0,3.0,6.5,0.0,0.0,0.0,5.5,0.0,0.0,0.0
4329,1,Statistics,9.0,0.0,0.0,0.0,0.0,0.0,0.0,0.0,0.0,0.0,0.0,0.0,0.0,0.0
4339,1,Mathematics,0.5,1.5,0.0,0.0,0.0,0.5,0.0,4.0,0.0,0.5,3.0,4.0,-3.0,1.5
4344,1,Mathematics,4.0,5.5,0.0,0.0,0.0,4.0,0.0,0.0,0.0,0.0,8.0,9.0,5.5,6.5
4346,1,Physics,0.0,0.0,0.0,0.0,0.0,0.0,0.0,0.0,0.0,6.5,0.0,0.0,0.0,0.0
4349,1,Statistics,0.0,0.0,0.0,0.0,0.0,4.0,0.0,0.0,0.0,0.0,5.5,0.0,0.0,0.0
4353,1,Physics,0.0,0.0,0.0,0.0,0.0,0.0,0.0,0.0,0.0,10.5,0.0,0.0,0.0,0.0
4366,1,Chemisty,3.0,6.5,0.0,8.0,0.0,4.0,0.0,9.0,0.0,8.0,6.5,0.0,8.0,9.0
4368,1,Physics,0.0,0.0,0.0,0.0,0.0,0.0,0.0,0.0,0.0,5.5,0.0,0.0,0.0,0.0
4372,1,Computer Science,0.5,0.0,0.0,0.0,0.0,0.0,0.0,0.0,0.0,0.0,0.0,0.0,0.0,0.0
4384,0,Mathematics,4.0,-5.5,0.0,0.0,0.0,-4.0,0.0,0.0,0.0,0.0,0.0,0.0,5.5,0.0
4423,1,Mathematics,3.0,-10.5,0.0,0.0,10.5,7.0,0.0,0.0,0.0,0.0,5.5,8.0,7.0,8.0
4439,0,Biology,3.0,0.0,0.0,0.0,0.0,0.0,0.0,0.0,0.0,0.0,0.0,0.0,0.0,0.0
4446,1,Mathematics,4.0,9.0,0.0,0.0,9.0,6.5,0.0,0.0,-8.0,0.0,-8.0,0.0,0.0,0.0
4447,1,Mathematics,1.5,4.0,0.0,8.0,6.5,3.0,0.0,6.5,0.0,0.0,2.0,0.0,3.0,4.0
4448,1,Mathematics,0.0,4.0,0.0,0.0,0.0,0.0,0.0,0.0,0.0,0.0,5.5,0.0,5.5,6.5
4451,1,Biochemistry,5.5,6.5,0.0,0.0,0.0,6.5,0.0,0.0,0.0,0.0,0.0,0.0,0.0,0.0
4460,1,Statistics,1.5,0.0,0.0,0.0,0.0,0.0,0.0,0.0,0.0,0.0,0.0,0.0,0.0,0.0
4477,1,Mathematics,3.0,0.0,0.0,0.0,0.0,5.5,0.0,0.0,0.0,0.0,9.0,0.0,0.0,0.0
4478,0,Physics,3.0,0.0,0.0,0.0,0.0,0.0,0.0,4.0,0.0,0.0,0.0,0.0,0.0,0.0
4494,1,Physics,1.5,6.5,0.0,0.0,0.0,3.0,0.0,0.0,0.0,4.0,0.0,0.0,0.0,0.0
4501,1,Mathematics,3.0,4.5,0.0,0.0,0.0,4.5,0.0,0.0,7.0,5.5,5.5,0.0,0.0,0.0
4511,1,Physics,0.0,0.0,0.0,0.0,0.0,0.0,0.0,0.0,0.0,3.0,0.0,0.0,0.0,0.0
4524,1,Mathematics,3.0,6.5,0.0,-8.0,9.0,4.0,0.0,9.0,10.5,8.0,8.0,0.0,0.0,0.0
4540,1,Physics,4.0,8.0,0.0,10.5,0.0,6.5,0.0,0.0,0.0,4.0,5.5,6.5,0.0,0.0
4546,0,Statistics,0.5,-1.5,0.0,0.0,1.5,0.5,0.0,0.0,0.0,0.0,0.0,0.0,0.0,0.0
4558,1,Statistics,-1.5,0.0,0.0,0.0,0.0,0.0,0.0,0.0,0.0,0.0,0.0,0.0,0.0,0.0
4560,1,Mathematics,0.0,4.0,0.0,3.0,4.0,3.0,0.0,4.0,0.0,3.0,-6.5,0.0,0.0,0.0
4573,1,Statistics,-3.0,6.5,0.0,0.0,0.0,6.5,0.0,0.0,8.0,0.0,8.0,9.0,0.0,0.0
4578,1,Mathematics,1.5,4.0,0.0,0.0,0.0,3.0,0.0,0.0,0.0,0.0,5.5,0.0,5.5,6.5
4585,1,Physics,4.0,0.0,0.0,0.0,0.0,6.5,0.0,0.0,0.0,-4.0,0.0,0.0,0.0,0.0
4592,0,Computer Science,0.0,0.0,0.0,0.0,0.0,4.5,0.0,0.0,0.0,0.0,0.0,0.0,0.0,0.0
4620,1,Statistics,0.0,0.0,0.0,0.0,0.0,0.0,0.0,0.0,0.0,0.0,8.0,0.0,0.0,0.0
4644,1,Mathematics,3.0,-5.5,0.0,5.5,9.0,-4.0,-9.0,0.0,0.0,0.0,6.5,0.0,-8.0,0.0
4664,1,Mathematics,3.0,5.5,0.0,0.0,0.0,4.0,0.0,0.0,0.0,6.5,6.5,0.0,8.0,9.0
4685,1,Mathematics,3.0,-5.5,0.0,0.0,0.0,4.0,0.0,0.0,0.0,0.0,6.5,0.0,5.5,6.5
4703,1,Physics,6.5,8.0,0.0,0.0,0.0,6.5,0.0,0.0,0.0,6.5,0.0,0.0,0.0,0.0
4710,1,Statistics,1.5,0.0,0.0,0.0,0.0,3.0,0.0,0.0,0.0,0.0,3.0,0.0,0.0,0.0
4726,1,Mathematics,5.5,9.0,0.0,0.0,9.0,-5.5,0.0,0.0,8.0,0.0,9.0,0.0,0.0,0.0
4755,1,Mathematics,6.5,8.0,0.0,0.0,9.0,6.5,0.0,0.0,0.0,0.0,7.0,0.0,8.0,9.0
4761,1,World Languages and Cultures,8.0,0.0,0.0,0.0,0.0,-8.0,0.0,0.0,0.0,0.0,0.0,0.0,0.0,0.0
4770,1,Mathematics,-1.5,5.5,0.0,0.0,0.0,4.0,0.0,0.0,8.0,0.0,-8.0,0.0,5.5,6.5
4775,1,Mathematics,-5.5,13.0,14.0,0.0,0.0,6.5,14.0,0.0,0.0,4.0,13.0,14.0,-13.0,0.0
4780,1,Mathematics,0.0,0.0,0.0,0.0,0.0,0.0,0.0,0.0,0.0,0.0,-9.0,0.0,0.0,9.0
4806,1,Computer Science,1.5,9.0,0.0,0.0,0.0,3.0,0.0,0.0,0.0,1.5,0.0,0.0,0.0,0.0
4808,0,Liberal Arts and Sciences,4.0,0.0,0.0,0.0,0.0,5.5,0.0,0.0,0.0,0.0,0.0,0.0,0.0,0.0
4815,1,Mathematics,0.0,0.0,0.0,0.0,0.0,0.0,0.0,0.0,5.5,0.0,4.0,6.5,0.0,0.0
4818,1,Women’s and Gender Studies,4.0,0.0,0.0,0.0,0.0,0.0,0.0,0.0,0.0,0.0,0.0,0.0,0.0,0.0
4827,1,Mathematics,4.0,8.0,0.0,0.0,9.0,0.0,0.0,0.0,0.0,0.0,8.0,0.0,8.0,9.0
4882,1,Meteorology,0.0,0.0,0.0,0.0,0.0,0.0,0.0,0.0,0.0,5.5,0.0,0.0,0.0,0.0
4896,1,Mathematics,0.0,0.0,0.0,0.0,0.0,0.0,0.0,6.5,0.0,0.0,8.0,9.0,0.0,6.5
4907,1,Physics,1.5,0.0,0.0,0.0,0.0,3.0,0.0,0.0,0.0,4.0,0.0,0.0,0.0,0.0
4922,1,Physics,0.0,0.0,0.0,0.0,0.0,0.0,0.0,0.0,0.0,5.5,0.0,0.0,0.0,0.0
4930,1,Physics,0.0,0.0,0.0,0.0,0.0,0.0,0.0,0.0,0.0,4.5,0.0,0.0,0.0,0.0
4931,1,Computer Science,0.0,0.0,0.0,8.0,0.0,3.0,0.0,0.0,0.0,1.5,0.0,0.0,0.0,0.0
4933,1,Mathematics,5.5,8.0,0.0,0.0,0.0,6.5,0.0,0.0,0.0,0.0,9.5,0.0,8.0,9.0
4940,1,Statistics,0.0,-9.0,0.0,0.0,0.0,0.0,0.0,0.0,0.0,0.0,0.0,0.0,0.0,0.0
4942,1,Chemisty,6.5,0.0,0.0,0.0,0.0,8.0,0.0,0.0,0.0,0.0,0.0,0.0,0.0,0.0
4950,1,Statistics,1.5,0.0,0.0,0.0,0.0,3.0,0.0,0.0,5.5,0.0,0.0,0.0,0.0,0.0
4969,1,Mathematics,0.0,6.5,0.0,0.0,0.0,5.5,0.0,0.0,0.0,0.0,-8.0,0.0,-8.0,9.0
5049,1,Mathematics,3.0,5.5,0.0,0.0,0.0,4.0,0.0,0.0,0.0,0.0,8.0,0.0,5.5,6.5
5078,1,Physics,0.0,0.0,0.0,0.0,0.0,0.0,0.0,0.0,0.0,0.0,0.0,0.0,0.0,9.0
5083,1,Mathematics,3.0,0.0,0.0,0.0,0.0,4.0,0.0,0.0,0.0,0.0,6.5,0.0,0.0,0.0
5087,1,Computer Science,-0.5,5.5,0.0,0.0,0.0,0.0,-1.5,0.0,0.0,0.0,0.0,0.0,0.0,0.0
5101,1,Mathematics,4.0,6.5,0.0,0.0,0.0,5.5,0.0,0.0,0.0,0.0,8.0,0.0,8.0,9.0
5128,1,Mathematics,1.5,4.0,6.5,3.0,0.0,6.5,0.0,0.0,0.0,3.0,2.0,0.0,0.0,4.0
5132,1,Mathematics,0.5,-3.0,0.0,3.0,4.0,1.5,0.0,0.0,5.5,0.0,3.0,0.0,0.0,0.0
5148,1,Statistics,4.0,0.0,0.0,8.0,0.0,5.5,0.0,0.0,0.0,0.0,6.5,0.0,0.0,0.0
5153,1,Biological/Medical Illustration,4.0,5.5,0.0,0.0,0.0,8.0,0.0,0.0,0.0,0.0,0.0,0.0,0.0,0.0
5162,1,Physics,0.0,0.0,0.0,0.0,0.0,0.0,0.0,0.0,0.0,4.0,0.0,0.0,0.0,0.0
5167,1,Physics,0.0,0.0,0.0,0.0,0.0,0.0,0.0,0.0,0.0,1.5,0.0,0.0,0.0,0.0
5175,1,Computer Science,0.5,3.0,4.0,0.0,1.5,1.5,4.0,0.0,0.0,0.0,1.5,0.0,0.0,0.0
5196,1,Bioinformatics and Computational Biology,3.0,5.5,0.0,0.0,6.5,4.0,0.0,0.0,0.0,0.0,5.5,0.0,0.0,0.0
5198,1,Mathematics,0.0,0.0,6.5,0.0,0.0,0.0,0.0,0.0,0.0,0.0,0.0,6.5,0.0,0.0
5200,1,Psychology,3.0,6.5,0.0,0.0,0.0,4.0,0.0,0.0,0.0,0.0,0.0,0.0,0.0,0.0
5202,1,Computer Science,0.0,3.0,0.0,5.5,6.5,1.5,4.0,1.5,0.0,0.0,3.0,4.0,0.0,0.0
5205,1,Statistics,4.0,0.0,0.0,0.0,0.0,5.5,0.0,0.0,0.0,0.0,0.0,0.0,0.0,0.0
5206,1,Mathematics,3.0,6.5,0.0,0.0,0.0,4.0,0.0,0.0,8.0,0.0,8.0,0.0,5.5,6.5
5212,1,Mathematics,1.5,0.0,0.0,0.0,4.0,3.0,0.0,0.0,0.0,0.0,0.0,0.0,0.0,0.0
5235,1,Computer Science,0.0,0.0,0.0,0.0,4.0,5.5,0.0,0.0,0.0,0.0,0.0,0.0,0.0,0.0
5247,1,Mathematics,0.0,5.5,0.0,0.0,0.0,4.0,0.0,0.0,0.0,0.0,8.0,0.0,5.5,6.5
5249,1,Economics,4.0,0.0,0.0,0.0,0.0,6.5,0.0,0.0,0.0,0.0,0.0,0.0,0.0,0.0
5255,1,History,1.5,4.0,0.0,0.0,0.0,5.5,0.0,0.0,0.0,0.0,0.0,0.0,0.0,0.0
5271,1,Statistics,4.0,0.0,0.0,0.0,0.0,5.5,0.0,0.0,0.0,0.0,0.0,0.0,0.0,0.0
5287,1,Economics,0.0,0.0,0.0,0.0,0.0,6.5,0.0,0.0,0.0,0.0,9.0,0.0,0.0,0.0
5292,1,Political Science,10.5,0.0,0.0,0.0,0.0,0.0,0.0,0.0,0.0,9.0,9.5,0.0,0.0,0.0
5294,1,Chemical Engineering,1.5,0.0,0.0,0.0,0.0,0.0,0.0,0.0,0.0,0.0,0.0,0.0,0.0,0.0
5301,1,Statistics,3.0,0.0,0.0,0.0,0.0,4.0,0.0,0.0,0.0,0.0,0.0,0.0,0.0,0.0
5307,1,Statistics,8.0,0.0,0.0,0.0,0.0,0.0,0.0,0.0,0.0,0.0,9.5,0.0,0.0,0.0
5313,1,Physics,0.0,0.0,0.0,0.0,0.0,0.0,0.0,0.0,0.0,4.0,0.0,0.0,0.0,0.0
5318,1,Economics,5.5,0.0,0.0,0.0,0.0,5.5,0.0,0.0,0.0,9.0,8.0,0.0,8.0,0.0
5328,1,Mathematics,0.5,4.0,0.0,0.0,0.0,1.5,0.0,0.0,3.0,0.5,3.0,0.0,0.0,0.0
5340,1,Mathematics,1.5,5.5,6.5,0.0,4.0,4.0,4.0,0.0,0.0,0.0,0.0,0.0,0.0,0.0
5360,1,Computer Science,0.0,0.0,0.0,0.0,-4.0,0.0,0.0,0.0,0.0,0.0,0.0,0.0,0.0,0.0
5436,1,Physics,0.0,0.0,0.0,0.0,0.0,0.0,0.0,0.0,0.0,4.0,0.0,0.0,0.0,0.0
5442,1,Physics,0.0,0.0,0.0,0.0,0.0,0.0,0.0,0.0,0.0,5.5,0.0,0.0,0.0,0.0
5473,1,Economics,0.0,0.0,0.0,0.0,0.0,0.0,0.0,0.0,0.0,0.0,0.0,9.0,0.0,0.0
5492,1,Mathematics,0.0,4.0,0.0,0.0,0.0,0.0,6.5,0.0,5.5,0.0,5.5,6.5,0.0,0.0
5510,1,Statistics,4.0,0.0,0.0,0.0,0.0,-5.5,0.0,0.0,0.0,0.0,0.0,0.0,0.0,0.0
5511,0,Mathematics,11.5,13.0,0.0,0.0,0.0,13.0,0.0,0.0,0.0,0.0,0.0,0.0,0.0,14.0
5516,1,Statistics,4.0,0.0,0.0,0.0,9.0,5.5,0.0,0.0,0.0,0.0,0.0,0.0,0.0,0.0
5528,1,Mathematics,5.0,7.5,0.0,0.0,0.0,6.5,0.0,0.0,0.0,0.0,10.0,0.0,9.0,10.0
5532,1,Mathematics,0.0,0.0,0.0,0.0,0.0,0.0,0.0,0.0,0.0,0.0,0.0,0.0,5.5,6.5
5539,1,World Languages and Cultures,-10.5,0.0,0.0,0.0,0.0,-10.5,0.0,0.0,10.5,0.0,0.0,0.0,0.0,0.0
5545,1,Physics,0.0,0.0,0.0,0.0,0.0,0.0,0.0,0.0,0.0,0.5,0.0,0.0,0.0,0.0
5561,0,Mathematics,-3.0,0.0,0.0,0.0,0.0,0.0,0.0,0.0,0.0,0.0,0.0,0.0,0.0,0.0
5568,0,Computer Science,5.5,0.0,0.0,0.0,0.0,0.0,0.0,0.0,0.0,0.0,0.0,0.0,0.0,0.0
5575,1,Mathematics,3.0,10.5,0.0,0.0,0.0,8.0,0.0,0.0,0.0,0.0,9.0,0.0,10.5,9.0
5579,1,Sociology,0.0,9.0,0.0,0.0,0.0,0.0,0.0,0.0,0.0,0.0,0.0,0.0,0.0,0.0
5586,1,Mathematics,1.5,5.5,9.0,5.5,4.0,3.0,6.5,0.0,0.0,0.0,4.0,0.0,0.0,0.0
5587,1,Computer Science,3.0,9.0,0.0,0.0,0.0,4.0,0.0,0.0,0.0,0.0,0.0,0.0,0.0,0.0
5589,0,Mathematics,5.0,0.0,0.0,0.0,0.0,0.0,0.0,0.0,0.0,0.0,0.0,0.0,0.0,0.0
5597,0,Liberal Arts and Sciences,0.0,4.0,0.0,0.0,0.0,3.0,0.0,0.0,0.0,0.0,0.0,0.0,0.0,0.0
5599,1,Philosophy,5.5,0.0,0.0,0.0,0.0,0.0,0.0,0.0,0.0,-8.0,0.0,0.0,0.0,0.0
5603,0,Animal Science,-4.0,0.0,0.0,0.0,0.0,0.0,0.0,0.0,0.0,0.0,0.0,0.0,0.0,0.0
5642,0,Mathematics,-5.5,0.0,0.0,0.0,0.0,0.0,0.0,0.0,0.0,0.0,0.0,0.0,0.0,0.0
5645,1,Physics,4.0,0.0,0.0,0.0,0.0,9.0,0.0,0.0,0.0,8.0,0.0,0.0,0.0,0.0
5652,1,Mechanical Engineering,-3.0,4.0,0.0,0.0,0.0,0.0,0.0,0.0,0.0,0.0,0.0,0.0,0.0,0.0
5673,1,Finance,1.5,0.0,0.0,0.0,0.0,3.0,0.0,0.0,0.0,0.0,0.0,0.0,0.0,0.0
5678,1,Mathematics,0.5,3.0,4.0,5.5,0.0,1.5,1.5,0.0,0.0,1.5,3.0,4.0,0.0,0.0
5681,1,Physics,0.0,0.0,0.0,0.0,0.0,8.0,0.0,0.0,0.0,6.5,7.0,9.0,0.0,0.0
5684,1,Economics,5.5,0.0,0.0,0.0,0.0,5.5,0.0,0.0,0.0,0.0,9.0,0.0,0.0,0.0
5697,1,Statistics,3.0,-5.5,0.0,0.0,0.0,4.0,0.0,0.0,0.0,0.0,0.0,0.0,0.0,0.0
5703,1,Physics,0.0,0.0,0.0,0.0,0.0,-11.5,0.0,0.0,0.0,0.0,0.0,0.0,0.0,0.0
5722,1,Psychology,3.0,0.0,0.0,0.0,0.0,0.0,0.0,0.0,0.0,0.0,0.0,0.0,0.0,0.0
5723,1,Genetics,0.0,5.5,0.0,0.0,0.0,4.0,0.0,0.0,0.0,0.0,0.0,0.0,0.0,0.0
5747,1,Aerospace Engineering,1.5,0.0,0.0,0.0,0.0,0.0,0.0,0.0,0.0,0.0,0.0,0.0,0.0,0.0
5762,0,Liberal Arts and Sciences,1.5,0.0,0.0,0.0,0.0,0.0,0.0,0.0,0.0,0.0,0.0,0.0,0.0,0.0
5780,1,Mathematics,1.5,4.0,0.0,3.0,6.5,3.0,0.0,0.0,0.0,0.0,5.5,0.0,0.0,0.0
5785,1,Mathematics,1.5,5.5,6.5,8.0,0.0,3.0,6.5,9.0,0.0,0.0,0.0,0.0,5.5,6.5
5813,1,Computer Science,0.0,0.0,0.0,0.0,0.0,5.5,0.0,0.0,0.0,0.0,0.0,0.0,0.0,0.0
5827,1,Biology,1.5,6.5,0.0,0.0,4.0,3.0,0.0,0.0,0.0,9.0,0.0,0.0,0.0,0.0
5854,1,Chemisty,0.5,0.0,0.0,0.0,0.0,1.5,0.0,0.0,0.0,0.0,0.0,0.0,0.0,0.0
5912,1,Mathematics,3.0,5.5,0.0,0.0,0.0,4.0,0.0,0.0,0.0,0.0,4.5,0.0,8.0,6.5
5927,1,Statistics,6.5,0.0,0.0,0.0,0.0,0.0,0.0,0.0,0.0,0.0,9.0,0.0,0.0,0.0
5937,0,Mathematics,0.0,-0.5,0.0,0.0,0.0,0.0,0.0,0.0,0.0,0.0,0.0,0.5,0.0,0.0
5947,0,Computer Science,-1.5,0.0,0.0,0.0,0.0,0.0,0.0,0.0,0.0,0.0,0.0,0.0,0.0,0.0
5954,1,Mathematics,0.5,0.0,11.5,0.0,0.0,1.5,0.0,-11.5,0.0,0.0,13.0,0.0,0.0,0.0
5989,1,Physics,0.0,0.0,0.0,0.0,0.0,5.5,0.0,0.0,0.0,4.0,0.0,0.0,0.0,0.0
5992,1,Mathematics,4.0,10.5,0.0,0.0,0.0,6.5,0.0,0.0,0.0,0.0,12.0,0.0,8.0,9.0
6005,1,Computer Science,-1.5,0.0,0.0,0.0,0.0,0.0,0.0,0.0,0.0,0.0,0.0,0.0,0.0,0.0
6019,1,Statistics,1.5,0.0,0.0,0.0,0.0,-3.0,0.0,0.0,0.0,0.0,0.0,0.0,0.0,0.0
6032,1,Mathematics,0.5,3.0,4.0,0.0,0.0,1.5,0.0,0.0,0.0,0.0,0.0,4.0,0.0,0.0
6050,1,Mathematics,0.0,4.0,6.5,0.0,0.0,0.0,6.5,4.0,5.5,0.0,0.0,4.0,0.0,0.0
6052,1,Mathematics,3.0,5.5,0.0,0.0,0.0,4.0,0.0,0.0,0.0,0.0,8.0,0.0,5.5,6.5
6057,1,Mathematics,4.0,6.5,0.0,0.0,0.0,-5.5,0.0,0.0,0.0,0.0,-9.0,0.0,8.0,9.0
6117,1,Mathematics,5.5,0.0,0.0,0.0,0.0,6.5,0.0,0.0,0.0,8.0,9.0,0.0,0.0,0.0
6131,1,Statistics,0.0,0.0,0.0,0.0,0.0,-4.0,0.0,0.0,0.0,0.0,0.0,0.0,0.0,0.0
6132,1,Technical Communication,-3.0,0.0,0.0,0.0,0.0,0.0,0.0,0.0,0.0,0.0,0.0,0.0,0.0,0.0
6135,1,Statistics,0.0,0.0,0.0,0.0,0.0,-5.5,0.0,0.0,0.0,0.0,0.0,0.0,0.0,0.0
6167,1,Political Science,10.5,0.0,0.0,0.0,0.0,0.0,0.0,0.0,0.0,0.0,0.0,0.0,0.0,0.0
6205,1,Mathematics,1.5,4.0,0.0,3.0,4.0,3.0,6.5,9.0,0.0,0.0,7.0,0.0,0.0,0.0
6212,1,Statistics,3.0,0.0,0.0,0.0,0.0,0.0,0.0,0.0,0.0,0.0,0.0,0.0,0.0,0.0
6228,1,Physics,3.0,10.5,0.0,0.0,0.0,6.5,0.0,0.0,0.0,4.0,0.0,0.0,0.0,0.0
6251,0,Liberal Arts and Sciences,9.0,0.0,0.0,0.0,0.0,0.0,0.0,0.0,0.0,0.0,0.0,0.0,0.0,0.0
6278,1,Physics,9.0,0.0,0.0,0.0,0.0,0.0,0.0,0.0,0.0,6.5,10.5,11.5,0.0,0.0
6288,0,Computer Science,3.0,4.0,0.0,0.0,0.0,3.0,0.0,-4.0,0.0,0.0,0.0,0.0,0.0,0.0
6330,1,Physics,1.5,0.0,0.0,0.0,6.5,0.0,0.0,9.0,0.0,5.5,0.0,0.0,0.0,0.0
6335,1,Physics,0.0,0.0,0.0,0.0,0.0,0.0,0.0,0.0,0.0,3.0,0.0,0.0,0.0,0.0
6343,0,Liberal Arts and Sciences,0.5,0.0,0.0,0.0,0.0,1.5,0.0,0.0,0.0,0.0,0.0,0.0,0.0,0.0
6377,1,Mathematics,0.5,3.0,0.0,0.0,0.0,2.0,0.0,0.0,0.0,0.0,4.5,0.0,4.5,5.5
6378,1,Mathematics,3.0,5.5,0.0,5.5,4.0,4.0,4.0,0.0,0.0,0.0,5.5,0.0,0.0,0.0
6419,1,Mathematics,4.0,6.5,0.0,8.0,0.0,4.0,0.0,0.0,0.0,0.0,5.5,0.0,8.0,-9.0
6442,1,Computer Science,4.0,8.0,0.0,0.0,9.0,6.5,4.0,0.0,0.0,0.0,0.0,0.0,0.0,0.0
6456,1,Mathematics,0.5,3.0,0.0,0.0,0.0,1.5,1.5,0.0,0.0,1.5,3.0,6.5,0.0,0.0
6507,1,Mathematics,3.0,0.0,0.0,0.0,0.0,5.5,0.0,0.0,0.0,0.0,4.5,0.0,0.0,0.0
6520,0,Mathematics,0.0,5.5,0.0,0.0,0.0,4.0,0.0,0.0,0.0,0.0,0.0,0.0,0.0,0.0
6527,1,Mathematics,4.0,0.0,0.0,0.0,0.0,6.5,0.0,0.0,0.0,0.0,-5.5,0.0,0.0,0.0
6560,1,Mathematics,3.0,-8.0,0.0,0.0,6.5,5.5,6.5,0.0,0.0,0.0,0.0,0.0,0.0,0.0
6566,1,Physics,0.0,0.0,0.0,0.0,0.0,9.0,0.0,0.0,0.0,5.5,0.0,0.0,0.0,0.0
6573,1,Mathematics,3.0,-5.5,0.0,0.0,-4.0,-4.0,9.0,0.0,0.0,0.0,-5.5,0.0,-8.0,0.0
6607,1,Physics,0.0,0.0,0.0,0.0,0.0,0.0,0.0,0.0,0.0,4.0,0.0,0.0,0.0,0.0
6608,1,Aerospace Engineering,4.0,0.0,0.0,0.0,0.0,4.0,0.0,0.0,0.0,0.0,0.0,0.0,0.0,0.0
6617,0,Architecture,1.5,0.0,0.0,0.0,0.0,0.0,0.0,0.0,0.0,0.0,0.0,0.0,0.0,0.0
6625,1,Physics,0.0,0.0,0.0,0.0,0.0,0.0,0.0,0.0,0.0,1.5,0.0,0.0,0.0,0.0
6640,1,Mathematics,3.0,5.5,0.0,5.5,6.5,-4.0,6.5,0.0,0.0,0.0,-8.0,-9.0,-8.0,0.0
6667,1,Mathematics,0.0,3.0,0.0,3.0,1.5,1.5,0.0,0.0,0.0,0.0,4.0,0.0,3.0,0.0
6671,1,Mathematics,0.5,3.0,0.0,0.0,0.0,1.5,0.0,0.0,0.0,0.0,2.0,0.0,3.0,4.0
6674,1,Linguistics,0.0,8.0,0.0,0.0,0.0,0.0,0.0,0.0,0.0,0.0,0.0,0.0,0.0,0.0
6680,1,Physics,1.5,0.0,0.0,0.0,0.0,-8.0,0.0,0.0,0.0,4.0,0.0,0.0,0.0,0.0
6687,1,Computer Science,3.0,5.5,0.0,8.0,9.0,4.0,0.0,0.0,0.0,0.0,0.0,0.0,0.0,0.0
6712,1,Chemisty,6.5,0.0,0.0,0.0,0.0,6.5,0.0,0.0,0.0,0.0,0.0,0.0,0.0,0.0
6714,1,Physics,0.0,0.0,0.0,0.0,0.0,0.0,0.0,0.0,0.0,-0.5,0.0,0.0,0.0,0.0
6716,0,Liberal Arts and Sciences,4.5,0.0,0.0,0.0,0.0,0.0,0.0,0.0,0.0,0.0,0.0,0.0,0.0,0.0
6763,1,Industrial Technology,0.5,0.0,0.0,0.0,0.0,0.0,0.0,0.0,0.0,0.0,0.0,0.0,0.0,0.0
6765,1,Physics,4.0,0.0,0.0,0.0,0.0,0.0,0.0,0.0,0.0,3.0,0.0,0.0,0.0,0.0
6769,1,Statistics,1.5,0.0,0.0,0.0,0.0,3.0,0.0,0.0,0.0,0.0,0.0,0.0,0.0,0.0
6794,1,Statistics,4.0,0.0,0.0,0.0,0.0,5.5,0.0,0.0,0.0,0.0,0.0,0.0,0.0,0.0
6797,1,Mathematics,4.0,5.5,0.0,8.0,6.5,0.0,0.0,0.0,5.5,0.0,6.5,0.0,0.0,0.0
6804,1,Computer Science,0.0,0.0,0.0,0.0,0.0,8.0,0.0,0.0,0.0,0.0,0.0,0.0,0.0,0.0
6816,1,Computer Science,1.5,8.0,0.0,0.0,0.0,6.5,0.0,0.0,0.0,3.0,0.0,0.0,0.0,0.0
6860,1,Music,0.5,0.0,0.0,0.0,-1.5,5.5,6.5,0.0,0.0,0.0,0.0,0.0,0.0,0.0
6872,1,Statistics,1.5,0.0,0.0,0.0,0.0,0.0,0.0,0.0,0.0,0.0,2.5,5.0,0.0,0.0
6882,1,Meteorology,0.0,0.0,0.0,0.0,0.0,0.0,0.0,0.0,0.0,8.0,0.0,0.0,0.0,0.0
6883,1,Aerospace Engineering,1.5,3.0,0.0,0.0,0.0,1.5,0.0,0.0,0.0,0.0,0.0,0.0,0.0,0.0
6902,1,Mathematics,0.0,5.5,0.0,0.0,0.0,4.0,0.0,6.5,0.0,5.5,5.5,6.5,0.0,0.0
6935,1,Mathematics,0.0,9.0,0.0,0.0,0.0,6.5,0.0,0.0,0.0,0.0,9.0,0.0,8.0,9.0
6946,1,Computer Science,1.5,0.0,0.0,0.0,0.0,0.0,0.0,0.0,0.0,0.0,0.0,0.0,0.0,0.0
6961,1,Mathematics,1.5,3.0,4.0,5.5,0.0,1.5,0.0,0.0,0.0,4.0,3.0,4.0,5.5,0.0
6962,1,Computer Science,0.0,0.0,0.0,0.0,0.0,0.0,9.0,0.0,0.0,0.0,9.0,0.0,0.0,0.0
6972,1,Computer Science,0.0,0.0,0.0,0.0,-4.0,0.0,0.0,0.0,0.0,0.0,0.0,0.0,0.0,0.0
6985,1,Computer Science,4.0,1.5,0.0,5.5,1.5,0.5,0.0,4.0,0.0,0.0,3.0,0.0,0.0,0.0
7009,1,Mathematics,9.0,11.5,0.0,0.0,0.0,8.0,0.0,0.0,0.0,0.0,-10.5,0.0,-10.5,-11.5
7025,1,Mathematics,9.0,-3.0,0.0,0.0,0.0,1.5,0.0,1.5,0.0,5.5,2.0,14.0,0.0,0.0
7031,1,Comunication Studies,-3.0,0.0,0.0,0.0,0.0,0.0,0.0,0.0,0.0,0.0,0.0,0.0,0.0,0.0
7051,0,Physics,0.0,0.0,0.0,0.0,0.0,0.0,0.0,0.0,0.0,3.0,0.0,0.0,0.0,0.0
7074,1,Mathematics,0.5,4.0,0.0,0.0,0.0,1.5,1.5,4.0,0.0,0.0,3.0,4.0,0.0,0.0
7088,1,Mathematics,0.0,0.0,0.0,0.0,0.0,0.0,0.0,0.0,0.0,0.0,0.0,10.5,0.0,10.5
7089,1,Statistics,0.0,0.0,0.0,0.0,0.0,0.0,0.0,9.0,0.0,0.0,0.0,0.0,0.0,0.0
7093,1,Mathematics,3.0,0.0,0.0,0.0,0.0,4.0,0.0,0.0,8.0,0.0,5.5,0.0,0.0,0.0
7116,1,Mathematics,0.0,6.5,0.0,8.0,9.0,0.0,0.0,0.0,8.0,0.0,9.0,0.0,8.0,9.0
7159,1,Statistics,0.0,0.0,0.0,0.0,0.0,0.0,0.0,0.0,0.0,0.0,9.0,0.0,0.0,0.0
7162,1,Mathematics,0.0,4.5,0.0,0.0,5.5,3.0,0.0,0.0,0.0,7.0,3.5,5.5,4.5,5.5
7187,1,Economics,1.5,0.0,0.0,0.0,0.0,4.0,0.0,0.0,0.0,0.0,3.0,0.0,0.0,0.0
7206,1,Mathematics,11.5,13.0,0.0,0.0,0.0,11.5,14.0,11.5,0.0,0.0,-13.0,0.0,13.0,-14.0
7212,1,Statistics,8.0,0.0,0.0,0.0,0.0,9.0,-11.5,0.0,0.0,0.0,0.0,0.0,0.0,0.0
7221,0,Women’s and Gender Studies,3.0,6.5,0.0,0.0,0.0,4.0,9.0,0.0,8.0,0.0,-9.5,0.0,8.0,-9.0
7232,1,Mathematics,11.5,13.0,0.0,0.0,-14.0,11.5,0.0,0.0,0.0,11.5,12.0,0.0,0.0,0.0
7241,1,Mathematics,6.5,9.0,-11.5,0.0,0.0,8.0,0.0,6.5,10.5,0.0,-10.5,0.0,0.0,0.0
7245,1,Geology,0.0,6.5,0.0,0.0,0.0,0.0,0.0,9.0,8.0,9.0,0.0,0.0,0.0,0.0
7255,1,Mathematics,0.0,0.0,0.0,0.0,0.0,0.0,0.0,0.0,0.0,0.0,8.0,0.0,0.0,6.5
7257,1,Mathematics,0.0,8.0,0.0,0.0,0.0,0.0,0.0,0.0,0.0,0.0,8.0,0.0,0.0,0.0
7268,0,Physics,4.0,0.0,0.0,0.0,0.0,-4.0,0.0,0.0,0.0,0.0,0.0,0.0,0.0,0.0
7329,1,Political Science,9.0,0.0,0.0,0.0,0.0,10.5,0.0,0.0,0.0,0.0,0.0,0.0,0.0,0.0
7334,1,Mathematics,1.5,4.0,0.0,3.0,4.0,3.0,0.0,0.0,5.5,0.0,0.0,0.0,0.0,0.0
7342,1,Sociology,6.5,0.0,0.0,0.0,0.0,8.0,0.0,0.0,0.0,0.0,0.0,0.0,0.0,0.0
7343,1,Computer Science,0.0,0.0,0.0,0.0,8.0,0.0,0.0,0.0,0.0,0.0,0.0,0.0,0.0,0.0
7354,1,Mathematics,3.0,5.5,9.0,0.0,0.0,4.0,0.0,9.0,0.0,8.0,4.0,0.0,0.0,0.0
7357,1,Mathematics,0.0,8.0,5.5,0.0,0.0,8.0,-5.5,0.0,0.0,0.0,0.0,0.0,0.0,0.0
7359,1,Interdisciplinary Studies,-6.5,0.0,0.0,0.0,0.0,0.0,0.0,0.0,0.0,0.0,0.0,0.0,0.0,0.0
7373,1,Mathematics,4.0,5.5,0.0,0.0,0.0,4.0,0.0,0.0,0.0,0.0,-11.5,0.0,8.0,9.0
7391,1,Mathematics,0.0,9.0,11.5,0.0,0.0,0.0,0.0,0.0,0.0,0.0,9.5,0.0,0.0,0.0
7409,0,Mathematics,0.0,0.0,-14.0,0.0,0.0,0.0,0.0,0.0,0.0,-13.0,0.0,14.0,0.0,0.0
7414,1,Physics,1.5,0.0,0.0,0.0,0.0,9.0,4.0,0.0,0.0,4.0,0.0,0.0,0.0,0.0
7418,1,Mathematics,0.0,0.0,0.0,0.0,0.0,0.0,0.0,0.0,0.0,11.5,0.0,0.0,0.0,0.0
7420,1,English,1.5,6.5,0.0,0.0,0.0,5.5,0.0,0.0,5.5,0.0,0.0,0.0,0.0,0.0
7429,1,Mathematics,0.5,4.0,0.0,3.0,4.0,1.5,4.0,0.0,0.0,3.0,3.0,4.0,0.0,0.0
7441,1,Computer Science,3.0,0.0,0.0,0.0,0.0,0.0,0.0,0.0,0.0,0.0,0.0,0.0,0.0,0.0
7473,1,Computer Science,0.0,-5.5,0.0,5.5,6.5,4.0,0.0,0.0,0.0,0.0,5.5,0.0,0.0,0.0
7479,1,Physics,0.0,0.0,0.0,0.0,0.0,0.0,0.0,0.0,0.0,4.0,0.0,0.0,0.0,0.0
7522,1,Statistics,0.0,0.0,0.0,0.0,0.0,0.0,0.0,0.0,0.0,0.0,5.5,6.5,0.0,0.0
7532,1,Mathematics,0.0,5.5,0.0,0.0,0.0,0.0,0.0,5.5,0.0,0.0,6.0,0.0,0.0,5.5
7594,0,Computer Science,5.5,0.0,0.0,0.0,0.0,0.0,0.0,0.0,0.0,0.0,0.0,0.0,0.0,0.0
7610,0,Liberal Arts and Sciences,0.0,0.0,0.0,0.0,0.0,0.0,0.5,0.5,0.0,0.0,0.0,0.0,0.0,0.0
7615,0,Business Administration,-5.5,0.0,0.0,0.0,0.0,0.0,0.0,0.0,0.0,0.0,0.0,0.0,0.0,0.0
7625,0,Mathematics,3.0,0.0,0.0,0.0,0.0,0.0,0.0,0.0,0.0,0.0,0.0,0.0,0.0,0.0
7636,0,Liberal Arts and Sciences,0.5,0.0,0.0,0.0,1.5,1.5,0.0,0.0,0.0,0.0,1.5,0.0,0.0,0.0
7639,1,Computer Science,0.0,0.0,0.0,-10.5,0.0,0.0,0.0,0.0,0.0,0.0,0.0,0.0,0.0,0.0
7640,1,Computer Science,0.5,4.0,6.5,8.0,0.0,3.0,0.0,0.0,0.0,0.0,0.0,0.0,0.0,0.0
7646,0,Liberal Arts and Sciences,0.0,0.0,0.0,0.0,0.0,0.0,0.0,1.5,0.0,0.0,0.0,0.0,0.0,0.0
7664,1,Mathematics,3.0,0.0,0.0,0.0,6.5,-4.0,0.0,0.0,5.5,0.0,0.0,0.0,0.0,0.0
7670,1,Mathematics,3.0,4.0,0.0,0.0,0.0,5.5,0.0,0.0,0.0,4.0,5.5,6.5,0.0,0.0
7684,1,Elementary Education,0.0,0.0,0.0,0.0,0.0,4.0,0.0,0.0,0.0,0.0,0.0,0.0,0.0,0.0
7692,1,Computer Science,5.5,8.0,9.0,0.0,0.0,0.0,0.0,0.0,0.0,0.0,9.5,0.0,0.0,0.0
7726,0,Materials Engineering,5.5,0.0,0.0,0.0,0.0,0.0,0.0,0.0,0.0,0.0,0.0,0.0,0.0,0.0
7733,1,Linguistics,3.0,5.5,0.0,0.0,9.0,4.0,0.0,0.0,0.0,0.0,6.5,0.0,5.5,6.5
7735,0,Computer Science,4.0,0.0,0.0,0.0,0.0,0.0,0.0,0.0,0.0,0.0,0.0,0.0,0.0,0.0
7744,1,Psychology,1.5,0.0,0.0,0.0,0.0,0.0,0.0,0.0,0.0,0.0,0.0,0.0,0.0,0.0
7745,1,Statistics,4.0,0.0,0.0,0.0,0.0,5.5,0.0,0.0,0.0,0.0,8.0,0.0,0.0,0.0
7760,1,Mathematics,0.0,6.5,0.0,0.0,0.0,4.0,0.0,0.0,0.0,0.0,-8.0,9.0,0.0,0.0
7768,1,Mathematics,6.5,-8.0,0.0,0.0,0.0,6.5,0.0,0.0,0.0,0.0,7.0,0.0,8.0,9.0
7778,1,Meteorology,0.0,0.0,0.0,0.0,0.0,0.0,0.0,0.0,0.0,6.5,0.0,0.0,0.0,0.0
7785,1,Mathematics,8.0,0.0,0.0,0.0,0.0,9.0,0.0,0.0,0.0,0.0,9.5,0.0,0.0,0.0
7788,1,Mathematics,3.0,5.5,0.0,0.0,0.0,3.0,0.0,0.0,8.0,8.0,5.5,9.0,8.0,0.0
7804,1,Computer Science,0.0,0.0,0.0,0.0,0.0,5.5,0.0,0.0,0.0,0.0,0.0,0.0,0.0,0.0
7809,1,Mechanical Engineering,1.5,0.0,0.0,0.0,0.0,0.0,0.0,0.0,0.0,0.0,0.0,0.0,0.0,0.0
7810,1,Mathematics,1.5,4.0,0.0,0.0,0.0,3.0,0.0,0.0,0.0,0.0,8.0,0.0,5.5,6.5
7819,1,Mathematics,0.0,5.5,0.0,0.0,0.0,4.0,0.0,6.5,0.0,0.0,-5.5,0.0,5.5,6.5
7827,1,Mathematics,4.0,8.0,0.0,8.0,0.0,5.5,0.0,0.0,0.0,0.0,9.0,0.0,5.5,9.0
7829,0,Mathematics,6.5,0.0,0.0,0.0,0.0,-8.0,0.0,0.0,0.0,0.0,7.0,0.0,-8.0,0.0
7832,1,Statistics,-4.0,0.0,0.0,0.0,0.0,0.0,0.0,0.0,0.0,0.0,0.0,0.0,0.0,0.0
7833,1,Statistics,6.5,0.0,0.0,0.0,0.0,0.0,0.0,0.0,0.0,0.0,8.0,0.0,0.0,0.0
7837,1,Mathematics,0.0,0.5,1.5,0.0,0.0,0.0,0.0,0.0,0.0,0.0,0.0,0.0,3.0,0.0
7850,1,Mathematics,1.5,0.0,0.0,0.0,-6.5,4.0,0.0,0.0,0.0,0.0,0.0,0.0,5.5,0.0
7853,1,Mathematics,0.0,0.0,0.0,0.0,0.0,0.0,0.0,0.0,0.0,0.0,0.0,9.0,0.0,0.0
7854,1,Computer Science,0.0,0.0,0.0,0.0,-9.0,-4.0,-9.0,0.0,0.0,0.0,0.0,0.0,0.0,0.0
7868,1,Statistics,4.0,0.0,0.0,0.0,0.0,8.0,0.0,0.0,0.0,0.0,0.0,0.0,10.5,0.0
7872,1,Statistics,5.5,0.0,0.0,0.0,0.0,9.5,0.0,0.0,9.5,0.0,7.0,8.0,0.0,0.0
7882,1,Mathematics,0.0,0.0,0.0,0.0,0.0,0.0,6.5,0.0,0.0,0.0,9.0,0.0,0.0,6.5
7904,1,Mathematics,4.0,0.0,0.0,8.0,0.0,5.5,0.0,0.0,0.0,0.0,-6.5,0.0,0.0,0.0
7907,0,Liberal Arts and Sciences,0.0,0.0,0.0,0.0,0.0,0.0,0.0,0.0,0.0,14.0,0.0,0.0,0.0,0.0
7922,1,Philosophy,10.5,0.0,0.0,0.0,0.0,0.0,0.0,0.0,0.0,0.0,0.0,0.0,0.0,0.0
7923,1,Mathematics,0.5,3.0,0.0,0.0,0.0,1.5,0.0,1.5,0.0,0.0,4.0,0.0,3.0,4.0
7926,1,Mathematics,1.5,4.0,0.0,8.0,9.0,3.0,0.0,0.0,0.0,0.0,5.5,0.0,0.0,0.0
7955,0,Liberal Arts and Sciences,4.0,0.0,0.0,0.0,0.0,0.0,0.0,0.0,0.0,0.0,0.0,0.0,0.0,0.0
7962,1,Biochemistry,4.0,0.0,0.0,0.0,0.0,8.0,0.0,0.0,0.0,0.0,0.0,0.0,0.0,0.0
8057,0,Chemisty,10.5,0.0,0.0,0.0,0.0,0.0,0.0,0.0,0.0,0.0,0.0,0.0,0.0,0.0
8071,1,Statistics,0.0,5.5,0.0,0.0,0.0,4.0,0.0,0.0,8.0,0.0,6.5,0.0,5.5,6.5
8083,0,Liberal Arts and Sciences,0.0,0.0,0.0,0.0,0.0,0.0,0.0,0.0,0.0,0.0,0.0,0.0,0.5,0.0
8084,1,Mathematics,4.0,8.0,0.0,8.0,-6.5,5.5,0.0,6.5,0.0,8.0,7.0,0.0,5.5,0.0
8090,1,Meteorology,3.0,0.0,0.0,0.0,0.0,5.5,0.0,0.0,8.0,0.0,0.0,0.0,0.0,0.0
8104,1,Mathematics,4.0,6.5,0.0,0.0,0.0,5.5,0.0,0.0,0.0,0.0,-8.0,0.0,8.0,9.0
8108,1,Mathematics,9.0,4.0,0.0,0.0,4.0,3.0,0.0,0.0,0.0,0.0,5.5,0.0,5.5,6.5
8132,1,Mathematics,0.0,5.5,0.0,5.5,0.0,4.0,0.0,0.0,8.0,0.0,5.5,6.5,5.5,0.0
8142,1,Mathematics,3.0,5.5,0.0,0.0,0.0,4.0,0.0,0.0,0.0,0.0,8.0,0.0,5.5,6.5
8169,1,Mathematics,0.0,0.0,0.0,0.0,0.0,4.0,0.0,0.0,8.0,0.0,9.0,0.0,0.0,0.0
8186,1,Physics,0.0,0.0,0.0,0.0,0.0,0.0,0.0,0.0,0.0,3.0,0.0,0.0,0.0,0.0
8190,1,Mathematics,2.0,5.5,0.0,0.0,0.0,3.0,0.0,0.0,4.5,3.0,5.5,0.0,4.5,0.0
8211,1,Mathematics,0.5,-7.0,0.0,0.0,0.0,4.5,0.0,0.0,0.0,0.0,8.0,0.0,7.0,5.5
8243,1,Bioinformatics and Computational Biology,0.0,9.0,0.0,0.0,0.0,0.0,0.0,0.0,0.0,0.0,0.0,0.0,0.0,0.0
8251,1,Mathematics,1.5,6.5,0.0,0.0,0.0,4.0,9.0,4.0,0.0,0.0,5.5,0.0,5.5,6.5
8273,1,Mathematics,8.0,13.0,0.0,0.0,0.0,-9.0,0.0,0.0,0.0,0.0,13.0,0.0,10.5,-9.0
8278,0,Data Science,3.0,0.0,0.0,0.0,0.0,0.0,0.0,0.0,0.0,0.0,0.0,0.0,0.0,0.0
8290,1,Mathematics,3.0,5.5,0.0,0.0,0.0,4.0,0.0,0.0,0.0,0.0,6.5,0.0,5.5,6.5
8293,1,Mathematics,4.0,6.5,0.0,0.0,0.0,5.5,0.0,0.0,0.0,0.0,11.5,0.0,10.5,11.5
8312,1,Computer Science,1.5,5.5,0.0,5.5,6.5,4.0,6.5,9.0,0.0,0.0,8.0,0.0,0.0,0.0
8313,1,Mathematics,7.0,5.5,8.0,0.0,5.5,4.5,0.0,0.0,7.0,0.0,8.0,0.0,7.0,0.0
8318,1,Environmental Science,8.0,-9.0,0.0,0.0,0.0,9.0,0.0,0.0,0.0,0.0,0.0,0.0,0.0,0.0
8322,1,Mathematics,0.0,0.0,0.0,0.0,6.5,0.0,0.0,6.5,0.0,4.0,0.0,4.0,0.0,0.0
8335,1,Computer Science,0.0,10.5,0.0,0.0,9.0,9.0,0.0,0.0,0.0,0.0,10.5,0.0,0.0,0.0
8356,1,Economics,5.5,0.0,0.0,0.0,0.0,5.5,0.0,0.0,8.0,0.0,-9.0,0.0,0.0,0.0
8359,1,Mathematics,0.0,0.0,0.0,0.0,0.0,0.0,0.0,0.0,0.0,0.0,0.0,0.0,0.0,11.5
8361,1,World Languages and Cultures,0.0,0.0,0.0,0.0,0.0,0.0,0.0,0.0,0.0,4.0,0.0,0.0,0.0,0.0
8378,1,Computer Science,1.5,4.0,0.0,5.5,0.0,3.0,0.0,0.0,8.0,0.0,7.0,0.0,0.0,0.0
8411,1,Computer Science,1.5,6.5,9.0,5.5,9.0,5.5,9.0,9.0,0.0,0.0,8.0,0.0,0.0,0.0
8417,1,Statistics,-13.0,0.0,0.0,0.0,0.0,14.0,0.0,0.0,0.0,0.0,0.0,0.0,0.0,0.0
8418,1,Mathematics,-8.0,9.0,0.0,0.0,0.0,6.5,0.0,-9.0,8.0,0.0,-10.5,0.0,0.0,0.0
8426,1,Mathematics,4.0,0.0,0.0,0.0,0.0,6.5,0.0,0.0,5.5,0.0,5.5,6.5,0.0,0.0
8430,0,Mathematics,8.0,0.0,0.0,0.0,0.0,0.0,0.0,0.0,0.0,0.0,0.0,0.0,0.0,0.0
8439,1,Mathematics,1.5,4.0,0.0,0.0,4.0,3.0,0.0,6.5,5.5,0.0,5.5,0.0,0.0,0.0
8449,1,Mathematics,0.5,-11.5,0.0,10.5,0.0,11.5,0.0,0.0,0.0,11.5,0.0,0.0,0.0,0.0
8457,1,Mathematics,0.0,-7.0,0.0,0.0,-5.5,0.0,5.5,0.0,0.0,0.0,0.0,0.0,4.5,0.0
8473,1,Mathematics,3.0,-8.0,0.0,0.0,0.0,4.0,0.0,0.0,0.0,0.0,7.0,0.0,5.5,6.5
8482,1,Mathematics,0.0,-8.0,0.0,0.0,0.0,0.0,0.0,0.0,0.0,8.0,-6.5,0.0,-8.0,-9.0
8494,1,Computer Science,4.0,4.0,6.5,3.0,6.5,0.0,4.0,0.0,0.0,0.0,0.0,0.0,0.0,0.0
8497,1,Mathematics,4.0,-6.5,0.0,0.0,0.0,6.5,0.0,0.0,0.0,0.0,-9.0,0.0,-8.0,-9.0
8517,1,Physics,1.5,5.5,0.0,0.0,0.0,3.0,0.0,6.5,0.0,5.5,0.0,0.0,8.0,4.0
8518,1,Mathematics,3.0,5.5,6.5,0.0,9.0,8.0,0.0,0.0,5.5,0.0,9.0,0.0,5.5,0.0
8529,1,Mathematics,1.5,5.5,0.0,0.0,0.0,3.0,0.0,0.0,0.0,0.0,4.0,0.0,3.0,4.0
8541,0,Computer Science,3.0,5.5,0.0,0.0,0.0,4.0,0.0,0.0,0.0,0.0,0.0,0.0,0.0,0.0
8551,0,Mathematics,3.0,0.0,0.0,0.0,0.0,-3.0,0.0,0.0,0.0,0.0,0.0,0.0,0.0,0.0
8571,1,Statistics,0.5,0.0,0.0,0.0,0.0,1.5,0.0,0.0,0.0,0.0,5.5,0.0,0.0,0.0
8573,1,Accounting,3.0,0.0,0.0,0.0,0.0,0.0,0.0,0.0,0.0,0.0,0.0,0.0,0.0,0.0
8591,1,World Languages and Cultures,3.0,0.0,0.0,0.0,4.0,4.0,4.0,0.0,0.0,0.0,0.0,0.0,0.0,0.0
8594,1,Mathematics,4.0,0.0,0.0,0.0,0.0,5.0,0.0,0.0,6.5,0.0,-5.5,0.0,0.0,0.0
8596,1,Computer Science,0.0,0.0,0.0,0.0,4.0,5.5,0.0,0.0,0.0,0.0,0.0,0.0,0.0,0.0
8603,1,Biochemistry,9.0,0.0,0.0,0.0,0.0,0.0,0.0,0.0,0.0,0.0,0.0,0.0,0.0,0.0
8623,1,Computer Science,1.5,8.0,0.0,0.0,4.0,0.0,0.0,0.0,5.5,0.0,6.5,0.0,0.0,0.0
8661,1,Mathematics,0.0,0.0,0.0,0.0,0.0,0.0,0.0,0.0,0.0,0.0,0.0,6.5,0.0,0.0
8667,1,Economics,1.5,0.0,0.0,0.0,0.0,3.0,0.0,0.0,0.0,0.0,3.0,0.0,0.0,0.0
8677,1,Statistics,3.0,0.0,0.0,0.0,0.0,0.0,0.0,0.0,0.0,0.0,0.0,0.0,0.0,0.0
8682,1,Physics,0.0,0.0,0.0,0.0,0.0,0.0,0.0,6.5,0.0,0.0,0.0,0.0,0.0,0.0
8692,1,Mathematics,3.0,8.0,0.0,0.0,0.0,4.0,0.0,0.0,0.0,0.0,7.0,0.0,5.5,6.5
8695,1,Computer Engineering,1.5,0.0,0.0,0.0,0.0,0.0,0.0,0.0,0.0,0.0,0.0,0.0,0.0,0.0
8722,1,Computer Science,0.5,0.0,0.0,0.0,0.0,0.0,0.0,0.0,0.0,0.0,0.0,0.0,0.0,0.0
8729,1,Mathematics,5.5,9.0,0.0,0.0,0.0,6.5,0.0,0.0,0.0,9.0,9.0,0.0,8.0,9.0
8734,1,Statistics,3.0,0.0,0.0,0.0,0.0,8.0,0.0,0.0,0.0,0.0,0.0,0.0,0.0,0.0
8737,1,Finance,1.5,0.0,0.0,0.0,0.0,4.0,0.0,0.0,0.0,0.0,0.0,0.0,0.0,0.0
8739,1,Mathematics,1.5,4.0,0.0,0.0,0.0,3.0,0.0,0.0,0.0,0.0,5.5,6.5,0.0,0.0
8742,1,Physics,3.0,9.0,0.0,0.0,0.0,6.5,0.0,0.0,0.0,5.5,0.0,0.0,0.0,0.0
8745,1,Economics,0.0,0.0,0.0,0.0,0.0,0.0,0.0,0.0,0.0,0.0,3.0,0.0,0.0,0.0
8775,1,Chemisty,0.0,0.0,0.0,0.0,0.0,4.0,0.0,9.0,0.0,5.5,4.5,0.0,0.0,0.0
8776,0,Mathematics,10.5,13.0,0.0,0.0,0.0,11.5,0.0,0.0,0.0,0.0,0.0,0.0,-13.0,14.0
8781,1,Computer Science,0.0,0.0,0.0,8.0,0.0,4.0,0.0,0.0,0.0,0.0,0.0,0.0,0.0,0.0
8823,1,Kinesiology and Health,3.0,0.0,0.0,0.0,0.0,0.0,0.0,0.0,0.0,0.0,0.0,0.0,0.0,0.0
8824,1,Liberal Arts and Sciences,1.5,0.0,0.0,0.0,0.0,0.0,0.0,0.0,0.0,-6.5,0.0,0.0,0.0,0.0
8860,1,Computer Science,4.0,0.0,0.0,0.0,0.0,0.0,0.0,0.0,0.0,0.0,0.0,0.0,0.0,0.0
8863,1,Computer Science,0.0,3.0,4.0,3.0,1.5,1.5,0.0,0.0,0.0,0.0,4.0,0.0,0.0,0.0
8878,1,Mathematics,-2.0,0.0,0.0,0.0,0.0,5.5,0.0,0.0,-4.5,0.0,-7.0,-8.0,0.0,0.0
8894,1,Industrial Technology,3.0,0.0,0.0,0.0,0.0,0.0,0.0,0.0,0.0,0.0,0.0,0.0,0.0,0.0
8909,1,Mathematics,0.0,0.0,0.0,0.0,0.0,0.0,0.0,0.0,0.0,0.0,-9.5,0.0,10.5,9.0
8928,1,Mathematics,4.0,8.0,0.0,8.0,0.0,5.5,0.0,0.0,0.0,0.0,-9.0,0.0,8.0,9.0
8931,1,Chemical Engineering,1.5,0.0,0.0,0.0,0.0,0.0,0.0,0.0,0.0,0.0,0.0,0.0,0.0,0.0
8942,0,Liberal Arts and Sciences,0.0,0.0,0.0,0.0,0.0,0.0,0.0,0.0,0.5,0.0,0.0,0.0,0.0,0.0
8961,1,Meteorology,0.0,0.0,0.0,0.0,0.0,0.0,0.0,0.0,0.0,9.0,0.0,0.0,0.0,0.0
8971,1,Mathematics,2.0,4.5,0.0,4.5,0.0,3.0,0.0,0.0,0.0,0.0,3.5,0.0,4.5,5.5
8979,1,Physics,0.0,0.0,0.0,0.0,0.0,6.5,0.0,0.0,0.0,5.5,0.0,0.0,0.0,0.0
8983,1,Mathematics,0.0,0.0,0.0,0.0,0.0,0.0,0.0,0.0,0.0,0.0,8.0,0.0,0.0,6.5
9011,0,Physics,0.0,0.0,0.0,0.0,0.0,0.0,0.0,0.0,0.0,-6.5,0.0,0.0,0.0,0.0
9015,1,Physics,3.0,0.0,0.0,0.0,0.0,-4.0,0.0,0.0,0.0,1.5,0.0,0.0,0.0,0.0
9016,1,Mathematics,0.0,0.0,6.5,0.0,0.0,0.0,6.5,6.5,0.0,0.0,0.0,6.5,0.0,0.0
9021,1,Physics,0.0,0.0,0.0,0.0,0.0,0.0,0.0,0.0,0.0,4.0,0.0,0.0,0.0,0.0
9026,1,Physics,4.0,0.0,0.0,0.0,0.0,-9.0,0.0,6.5,0.0,5.5,-8.0,11.5,0.0,0.0
9029,1,Statistics,3.0,0.0,0.0,0.0,0.0,3.0,0.0,0.0,4.5,0.0,4.5,5.5,0.0,0.0
9031,1,Mathematics,1.5,4.0,0.0,0.0,0.0,3.0,6.5,0.0,0.0,0.0,-5.5,0.0,5.5,6.5
9033,1,Computer Science,0.0,0.0,0.0,0.0,4.0,0.0,0.0,0.0,0.0,0.0,0.0,0.0,0.0,0.0
9038,1,Mathematics,1.5,0.0,0.0,0.0,0.0,3.0,0.0,0.0,0.0,0.0,4.0,0.0,0.0,0.0
9039,0,Mathematics,13.0,0.0,0.0,0.0,0.0,14.0,0.0,0.0,0.0,0.0,0.0,0.0,0.0,0.0
9064,1,Mathematics,1.5,4.0,6.5,3.0,4.0,3.0,6.5,9.0,0.0,8.0,5.5,0.0,0.0,0.0
9080,1,Mathematics,5.5,-8.0,0.0,0.0,0.0,5.5,0.0,0.0,0.0,5.5,-8.0,0.0,-8.0,11.5
9088,0,Mathematics,3.0,0.0,0.0,0.0,0.0,4.0,0.0,0.0,0.0,0.0,0.0,0.0,0.0,0.0
9089,1,Physics,4.0,0.0,0.0,0.0,0.0,0.0,0.0,0.0,0.0,-5.5,0.0,0.0,0.0,0.0
9090,1,Statistics,0.0,0.0,6.5,0.0,0.0,0.0,6.5,0.0,0.0,0.0,0.0,6.5,0.0,0.0
9092,1,Physics,4.0,-6.5,0.0,0.0,0.0,0.0,0.0,0.0,0.0,0.0,0.0,0.0,0.0,0.0
9094,1,Physics,-4.5,8.0,-13.0,0.0,0.0,-7.0,0.0,0.0,12.0,9.5,-12.0,-13.0,-12.0,0.0
9124,1,Journalism and Mass Communication,4.0,8.0,0.0,0.0,0.0,5.5,0.0,0.0,0.0,0.0,0.0,0.0,0.0,0.0
9160,1,Mathematics,4.0,-8.0,0.0,0.0,0.0,-6.5,0.0,0.0,0.0,0.0,-9.0,0.0,8.0,9.0
9185,1,Physics,0.0,0.0,0.0,0.0,0.0,0.0,0.0,0.0,0.0,5.5,0.0,0.0,0.0,0.0
9186,1,Chemisty,10.5,0.0,0.0,0.0,0.0,0.0,0.0,0.0,0.0,0.0,0.0,0.0,0.0,0.0
9241,1,Mathematics,0.5,6.5,0.0,0.0,0.0,-6.5,0.0,6.5,0.0,0.0,-6.5,0.0,0.0,0.0
9250,1,Physics,0.0,0.0,0.0,0.0,0.0,0.0,0.0,6.5,8.0,6.5,0.0,0.0,0.0,0.0
9255,1,Mathematics,0.0,1.5,0.0,0.0,0.0,0.5,0.0,0.0,0.0,0.0,0.5,0.0,0.5,1.5
9261,1,Computer Science,4.0,8.0,0.0,0.0,9.0,6.5,0.0,0.0,0.0,0.0,8.0,0.0,0.0,0.0
9301,1,Physics,0.0,0.0,0.0,0.0,0.0,0.0,0.0,0.0,-8.0,0.0,0.0,6.5,8.0,0.0
9318,1,Mathematics,6.5,10.5,0.0,0.0,0.0,8.0,0.0,0.0,0.0,0.0,11.5,0.0,10.5,9.0
9333,1,Statistics,3.0,11.5,0.0,0.0,0.0,3.0,0.0,11.5,0.0,0.0,0.0,0.0,0.0,0.0
9334,1,Mathematics,0.5,3.0,4.0,0.0,6.5,1.5,4.0,0.0,0.0,5.5,5.5,6.5,0.0,0.0
9341,1,Mathematics,-3.0,4.5,0.0,0.0,0.0,3.0,0.0,5.5,0.0,0.0,7.0,0.0,4.5,5.5
9347,1,Computer Science,0.5,3.0,4.0,5.5,4.0,1.5,4.0,0.0,0.0,0.0,2.0,0.0,0.0,0.0
9355,0,Mathematics,3.0,0.0,0.0,0.0,0.0,0.0,0.0,0.0,0.0,0.0,0.0,0.0,0.0,0.0
9364,1,Mathematics,3.0,5.5,0.0,8.0,4.0,4.0,0.0,0.0,0.0,8.0,0.0,0.0,0.0,0.0
9378,0,Mathematics,1.5,0.0,0.0,0.0,0.0,0.0,0.0,0.0,0.0,0.0,0.0,0.0,0.0,0.0
9380,1,Chemical Engineering,0.5,0.0,0.0,0.0,0.0,0.0,0.0,0.0,0.0,0.0,0.0,0.0,0.0,0.0
9385,1,Mathematics,5.5,8.0,0.0,0.0,0.0,4.0,0.0,0.0,0.0,9.0,6.5,0.0,5.5,-9.0
9392,1,Physics,0.0,0.0,0.0,0.0,0.0,0.0,0.0,0.0,0.0,3.0,0.0,0.0,0.0,0.0
9412,1,Physics,0.0,0.0,0.0,0.0,0.0,0.0,0.0,0.0,0.0,5.5,0.0,0.0,0.0,0.0
9417,1,Mathematics,0.0,-5.5,0.0,5.5,4.0,4.0,0.0,0.0,0.0,0.0,6.5,0.0,0.0,0.0
9421,1,Mathematics,0.5,-4.0,0.0,0.0,0.0,-6.5,0.0,0.0,0.0,-1.5,-3.0,0.0,0.0,0.0
9422,0,Systems Engineering,6.5,0.0,0.0,0.0,0.0,0.0,0.0,0.0,0.0,0.0,0.0,0.0,0.0,0.0
9429,1,Psychology,3.0,0.0,0.0,0.0,0.0,0.0,0.0,0.0,0.0,0.0,0.0,0.0,0.0,0.0
9434,1,Economics,0.0,0.0,0.0,0.0,0.0,0.0,0.0,0.0,0.0,0.0,9.0,0.0,0.0,0.0
9439,1,Mathematics,5.5,8.0,11.5,0.0,9.0,6.5,0.0,0.0,0.0,0.0,10.5,0.0,0.0,0.0
9440,1,Mathematics,3.0,5.5,0.0,0.0,0.0,4.0,0.0,0.0,5.5,0.0,8.0,0.0,0.0,0.0
9446,1,Mathematics,1.5,8.0,0.0,0.0,0.0,3.0,0.0,0.0,0.0,0.0,4.0,0.0,5.5,6.5
9449,1,Chemisty,4.0,0.0,0.0,5.5,0.0,6.5,0.0,0.0,0.0,0.0,0.0,0.0,0.0,0.0
9451,1,Mathematics,5.5,8.0,0.0,0.0,0.0,-6.5,6.5,9.0,8.0,9.0,-10.5,0.0,0.0,0.0
9459,0,Psychology,4.0,0.0,0.0,0.0,0.0,0.0,0.0,0.0,0.0,0.0,0.0,0.0,0.0,0.0
9461,1,Mathematics,3.0,0.0,0.0,0.0,0.0,4.0,0.0,0.0,8.0,0.0,8.0,0.0,0.0,0.0
9467,1,Economics,10.5,0.0,0.0,0.0,0.0,10.5,0.0,0.0,0.0,0.0,-11.5,0.0,0.0,0.0
9494,1,Mathematics,1.5,6.5,0.0,0.0,0.0,3.0,0.0,0.0,5.5,0.0,-5.5,0.0,3.0,4.0
9498,1,Mathematics,5.5,8.0,0.0,10.5,-9.0,6.5,9.0,0.0,0.0,0.0,8.0,0.0,0.0,0.0
9514,1,Physics,0.0,0.0,0.0,0.0,0.0,5.5,0.0,0.0,0.0,4.0,0.0,0.0,0.0,0.0
9519,1,Criminal Justice,-3.0,0.0,0.0,0.0,0.0,0.0,0.0,0.0,0.0,0.0,0.0,0.0,0.0,0.0
9540,0,Liberal Arts and Sciences,3.0,0.0,0.0,0.0,0.0,0.0,0.0,0.0,0.0,0.0,0.0,0.0,0.0,0.0
9542,1,Meteorology,0.0,0.0,0.0,0.0,0.0,0.0,0.0,0.0,0.0,6.5,0.0,0.0,0.0,0.0
9548,1,Mathematics,3.0,5.5,0.0,0.0,0.0,4.0,0.0,0.0,0.0,0.0,8.0,0.0,5.5,6.5
9557,1,Statistics,0.0,0.0,0.0,0.0,0.0,4.0,0.0,0.0,0.0,0.0,0.0,0.0,0.0,0.0
9574,1,Mathematics,1.5,3.0,0.0,0.0,0.0,1.5,0.0,0.0,0.0,0.0,5.5,0.0,5.5,4.0
9579,1,Computer Engineering,0.0,0.0,0.0,0.0,0.0,0.0,0.0,0.0,0.0,1.5,0.0,0.0,0.0,0.0
9586,1,Statistics,0.0,8.0,0.0,0.0,0.0,4.0,0.0,0.0,5.5,0.0,7.0,0.0,5.5,9.0
9594,1,Philosophy,1.5,0.0,0.0,0.0,9.0,4.0,0.0,0.0,0.0,0.0,0.0,0.0,0.0,0.0
9610,1,Mathematics,1.5,4.0,0.0,0.0,0.0,3.0,0.0,0.0,0.0,0.0,5.5,0.0,5.5,4.0
9621,0,Mathematics,0.0,0.0,0.0,0.0,10.5,0.0,0.0,0.0,0.0,0.0,0.0,0.0,0.0,0.0
9622,1,Statistics,5.5,0.0,0.0,0.0,0.0,0.0,0.0,0.0,0.0,0.0,0.0,0.0,0.0,0.0
9623,1,Statistics,4.0,6.5,0.0,0.0,0.0,5.5,0.0,0.0,0.0,0.0,0.0,0.0,0.0,0.0
9644,1,Statistics,5.5,6.5,0.0,8.0,0.0,5.5,0.0,0.0,0.0,0.0,9.0,0.0,8.0,9.0
9649,1,Computer Science,1.5,4.0,0.0,0.0,0.0,3.0,4.0,0.0,8.0,0.0,0.0,0.0,0.0,0.0
9655,1,Mathematics,0.0,0.0,0.0,0.0,0.0,0.0,0.0,0.0,5.5,0.0,5.5,6.5,0.0,0.0
9667,0,Mathematics,0.0,6.5,0.0,0.0,0.0,-10.5,0.0,0.0,0.0,0.0,0.0,0.0,0.0,0.0
9675,1,Computer Science,0.0,0.0,0.0,0.0,0.0,5.5,0.0,0.0,0.0,0.0,0.0,0.0,0.0,0.0
9686,1,Mathematics,7.0,5.5,8.0,0.0,5.5,4.5,0.0,0.0,7.0,0.0,4.5,0.0,7.0,0.0
9718,1,Chemisty,0.0,0.0,0.0,0.0,0.0,0.0,0.0,0.0,0.0,6.5,0.0,0.0,0.0,0.0
9736,1,Mathematics,4.0,8.0,0.0,0.0,0.0,5.5,0.0,0.0,0.0,0.0,8.0,0.0,5.5,6.5
9767,1,Mathematics,1.5,5.5,6.5,8.0,9.0,3.0,6.5,9.0,0.0,0.0,8.0,0.0,0.0,0.0
9788,0,Liberal Arts and Sciences,0.0,0.0,0.0,0.0,0.0,0.0,0.0,0.0,0.0,1.5,0.0,0.0,0.0,0.0
9803,1,Mathematics,1.5,0.0,0.0,0.0,0.0,4.0,0.0,0.0,0.0,0.0,4.5,0.0,0.0,0.0
9808,1,Physics,0.0,0.0,0.0,0.0,0.0,0.0,0.0,0.0,0.0,4.5,0.0,0.0,0.0,0.0
9819,1,Mathematics,3.0,-9.0,0.0,0.0,-9.0,4.0,0.0,0.0,0.0,0.0,-8.0,0.0,0.0,0.0
9837,1,Economics,1.5,8.0,0.0,0.0,0.0,-9.0,0.0,0.0,0.0,0.0,0.0,0.0,0.0,0.0
9885,1,Computer Science,5.5,8.0,9.0,0.0,9.0,6.5,0.0,0.0,0.0,0.0,0.0,0.0,0.0,0.0
9888,1,Mathematics,1.5,3.0,4.0,0.0,6.5,0.0,4.0,0.0,0.0,0.0,5.5,0.0,0.0,0.0
9907,1,Physics,0.0,0.0,0.0,0.0,0.0,0.0,0.0,0.0,0.0,9.0,0.0,0.0,0.0,0.0
9909,0,Liberal Arts and Sciences,4.0,0.0,0.0,0.0,0.0,0.0,0.0,0.0,0.0,0.0,5.5,0.0,0.0,0.0
9911,1,Physics,4.0,0.0,0.0,0.0,0.0,4.0,0.0,0.0,0.0,-5.0,0.0,0.0,0.0,0.0
9939,1,Finance,0.5,0.0,0.0,0.0,0.0,0.0,0.0,0.0,0.0,0.0,0.0,0.0,0.0,0.0
9969,1,Computer Science,5.5,6.5,0.0,0.0,0.0,5.5,0.0,0.0,5.5,0.0,0.0,0.0,0.0,0.0
9970,1,Music,0.0,10.5,0.0,0.0,0.0,0.0,0.0,0.0,0.0,0.0,0.0,0.0,0.0,0.0
9981,1,Computer Science,0.0,0.0,0.0,0.0,0.0,5.5,0.0,0.0,0.0,0.0,0.0,0.0,0.0,0.0
9996,0,Liberal Arts and Sciences,1.5,0.0,0.0,0.0,0.0,0.0,0.0,0.0,0.0,0.0,0.0,0.0,0.0,0.0
10011,1,Computer Science,0.5,0.0,0.0,0.0,1.5,1.5,0.0,0.0,0.0,0.0,0.0,0.0,0.0,0.0
10033,1,Statistics,3.0,0.0,0.0,0.0,0.0,0.0,0.0,0.0,0.0,0.0,0.0,0.0,0.0,0.0
10049,1,Physics,1.5,8.0,0.0,0.0,0.0,6.5,9.0,6.5,8.0,4.0,5.5,0.0,0.0,0.0
10052,1,Mathematics,0.0,4.0,0.0,0.0,0.0,0.0,0.0,0.0,0.0,0.0,5.5,0.0,0.0,6.5
10057,1,Mathematics,8.0,0.0,0.0,-10.5,0.0,13.0,-11.5,11.5,0.0,11.5,0.0,0.0,0.0,0.0
10069,1,Physics,0.0,0.0,0.0,0.0,0.0,0.0,0.0,0.0,0.0,1.5,0.0,0.0,0.0,0.0
10080,1,Mathematics,2.5,4.0,5.0,0.0,5.0,0.0,0.0,0.0,0.0,0.0,4.0,5.0,0.0,0.0
10118,1,Physics,3.0,5.5,0.0,5.5,6.5,4.0,0.0,0.0,5.5,6.5,9.0,0.0,0.0,0.0
10130,1,Computer Science,5.5,6.5,0.0,0.0,9.0,5.5,9.0,0.0,8.0,0.0,6.5,9.0,0.0,0.0
10137,1,Mathematics,1.5,5.5,6.5,0.0,0.0,3.0,6.5,0.0,0.0,0.0,0.0,0.0,0.0,0.0
10145,1,Mathematics,0.0,2.5,0.0,4.0,0.0,2.5,0.0,0.0,4.0,0.0,-1.5,2.5,0.0,0.0
10163,1,Mathematics,3.0,5.5,0.0,0.0,0.0,4.0,0.0,0.0,8.0,0.0,-4.5,0.0,0.0,0.0
10174,1,Biology,4.0,-5.5,0.0,0.0,0.0,-4.0,0.0,0.0,0.0,0.0,0.0,0.0,0.0,0.0
10190,1,Physics,0.0,0.0,0.0,0.0,0.0,0.0,0.0,0.0,0.0,5.5,0.0,0.0,0.0,0.0
10191,1,Mathematics,0.5,1.5,4.0,0.0,0.0,1.5,6.5,0.0,0.0,0.0,3.0,4.0,0.0,0.0
10227,1,Statistics,6.5,8.0,0.0,0.0,0.0,0.0,0.0,0.0,0.0,0.0,8.0,0.0,0.0,0.0
10228,1,Physics,9.0,0.0,0.0,0.0,0.0,0.0,0.0,0.0,0.0,6.5,0.0,0.0,0.0,0.0
10259,1,Finance,0.0,4.0,0.0,0.0,0.0,0.0,0.0,0.0,0.0,0.0,0.0,0.0,0.0,0.0
10279,1,Statistics,5.5,0.0,0.0,0.0,0.0,6.5,0.0,0.0,0.0,0.0,0.0,0.0,0.0,0.0
10289,1,Statistics,6.5,10.5,0.0,0.0,0.0,8.0,0.0,0.0,0.0,0.0,10.5,0.0,5.5,9.0
10295,1,Statistics,4.0,0.0,0.0,0.0,0.0,5.5,0.0,0.0,0.0,0.0,0.0,0.0,8.0,0.0
10302,1,Mathematics,0.0,0.5,0.0,0.5,1.5,0.0,0.0,0.0,0.0,0.0,0.5,0.0,0.0,0.0
10316,1,Mathematics,5.5,9.0,0.0,10.5,0.0,6.5,0.0,0.0,0.0,0.0,9.0,0.0,8.0,9.0
10347,1,Computer Science,3.0,5.5,0.0,8.0,6.5,4.0,4.0,0.0,8.0,0.0,5.5,0.0,0.0,0.0
10372,1,Mathematics,1.5,6.5,0.0,0.0,0.0,3.0,0.0,0.0,0.0,0.0,8.0,0.0,5.5,6.5
10422,1,Mathematics,0.0,0.0,0.0,0.0,0.0,0.0,0.0,0.0,0.0,0.0,0.0,10.5,0.0,0.0
10434,1,Physics,0.0,0.0,0.0,0.0,0.0,0.0,0.0,0.0,0.0,4.0,0.0,0.0,0.0,0.0
10455,1,Mathematics,4.0,8.0,0.0,0.0,6.5,6.5,0.0,0.0,0.0,4.0,4.5,0.0,8.0,9.0
10466,0,Mathematics,13.0,0.0,0.0,0.0,0.0,-13.0,0.0,0.0,0.0,0.0,0.0,0.0,0.0,0.0
10476,0,Liberal Arts and Sciences,3.0,0.0,0.0,0.0,0.0,4.0,0.0,0.0,0.0,0.0,0.0,0.0,0.0,0.0
10480,1,Economics,5.5,-9.0,0.0,0.0,0.0,5.5,0.0,9.0,0.0,0.0,6.5,-9.0,0.0,0.0
10488,1,Mathematics,3.0,4.0,0.0,8.0,4.0,4.0,0.0,0.0,0.0,0.0,6.5,0.0,0.0,0.0
10494,1,Meteorology,5.5,0.0,0.0,0.0,0.0,0.0,0.0,0.0,0.0,5.5,0.0,0.0,0.0,0.0
10499,0,Liberal Arts and Sciences,0.0,0.5,1.5,0.0,1.5,0.5,1.5,0.0,0.0,0.5,0.0,0.0,0.0,0.0
10501,1,Mathematics,9.5,0.0,0.0,0.0,0.0,-9.5,0.0,0.0,9.5,0.0,-8.5,0.0,0.0,0.0
10515,1,Mathematics,3.0,-4.5,0.0,0.0,0.0,3.0,0.0,0.0,0.0,0.0,5.5,0.0,4.5,5.5
10545,1,Physics,0.0,0.0,0.0,0.0,0.0,0.0,0.0,0.0,0.0,3.0,0.0,0.0,0.0,0.0
10572,0,Statistics,0.5,0.0,0.0,0.0,0.0,0.0,0.0,0.0,0.0,0.0,0.0,0.0,0.0,0.0
10586,1,Mathematics,0.0,0.0,0.0,0.0,0.0,6.5,0.0,0.0,5.5,0.0,5.5,6.5,0.0,0.0
10600,0,Mathematics,0.0,0.0,0.0,0.0,0.0,6.5,0.0,0.0,0.0,0.0,0.0,0.0,-8.0,0.0
10612,1,Mathematics,5.5,8.0,0.0,0.0,0.0,6.5,0.0,0.0,0.0,0.0,7.0,0.0,8.0,9.0
10628,1,Physics,0.0,6.5,0.0,0.0,0.0,0.0,6.5,6.5,0.0,0.0,8.0,9.0,0.0,0.0
10640,1,Mathematics,0.0,0.0,0.0,0.0,0.0,0.0,0.0,0.0,0.0,0.0,8.0,0.0,0.0,6.5
10650,1,Statistics,3.0,0.0,0.0,0.0,0.0,4.0,0.0,0.0,0.0,0.0,7.0,0.0,0.0,0.0
10655,0,Computer Science,0.5,0.0,0.0,0.0,0.0,-1.5,0.0,0.0,0.0,0.0,0.0,0.0,0.0,0.0
10656,1,Mathematics,1.5,3.0,4.0,0.0,0.0,1.5,4.0,0.0,0.0,0.0,0.0,0.0,0.0,0.0
10674,1,Statistics,2.0,8.0,0.0,0.0,0.0,4.5,0.0,0.0,0.0,0.0,8.5,0.0,0.0,0.0
10691,1,Mathematics,6.5,10.5,0.0,0.0,0.0,8.0,0.0,0.0,0.0,0.0,9.0,0.0,-8.0,9.0
10710,1,Mathematics,3.0,0.0,0.0,0.0,0.0,5.5,0.0,0.0,8.0,0.0,4.0,0.0,0.0,0.0
10711,1,Mathematics,0.0,0.0,0.0,0.0,0.0,0.0,0.0,0.0,0.0,0.0,8.0,9.0,0.0,0.0
10720,1,Statistics,5.5,0.0,0.0,0.0,0.0,0.0,0.0,0.0,0.0,0.0,8.0,0.0,0.0,0.0
10729,1,Mathematics,4.0,8.0,0.0,0.0,0.0,5.5,6.5,4.0,0.0,0.0,5.5,6.5,0.0,0.0
10733,1,Mathematics,4.0,5.5,-9.0,8.0,0.0,4.0,0.0,0.0,0.0,0.0,8.0,0.0,0.0,0.0
10738,1,Physics,0.0,0.0,0.0,0.0,0.0,0.0,0.0,0.0,0.0,3.0,0.0,0.0,0.0,0.0
10742,1,Economics,3.0,0.0,0.0,0.0,0.0,4.0,0.0,0.0,0.0,0.0,5.5,0.0,0.0,0.0
10751,1,Mathematics,0.5,0.0,0.0,0.0,0.0,4.0,0.0,0.0,0.5,0.0,3.0,0.0,0.0,0.0
10756,1,Physics,0.0,0.0,0.0,0.0,0.0,0.0,0.0,0.0,0.0,4.0,0.0,0.0,0.0,0.0
10762,1,Mathematics,1.5,4.0,0.0,5.5,6.5,3.0,0.0,0.0,0.0,0.0,8.0,0.0,0.0,0.0
10765,1,Mathematics,1.5,5.5,0.0,0.0,9.0,3.0,0.0,0.0,5.5,0.0,6.5,0.0,0.0,0.0
10789,1,Computer Science,2.5,5.0,0.0,6.5,7.5,4.0,0.0,0.0,0.0,0.0,0.0,0.0,0.0,0.0
10815,1,Mathematics,0.0,0.0,0.0,0.0,0.0,0.0,0.0,0.0,0.0,0.0,7.0,0.0,0.0,6.5
10835,1,Physics,1.5,8.0,0.0,0.0,9.0,4.0,0.0,9.0,0.0,5.5,9.0,0.0,0.0,0.0
10841,1,Mathematics,1.5,2.5,0.0,0.0,0.0,1.5,0.0,0.0,0.0,0.0,3.0,0.0,1.5,2.5
10844,1,Mathematics,4.0,0.0,0.0,0.0,0.0,6.5,0.0,0.0,8.0,0.0,8.0,0.0,0.0,0.0
10847,0,Economics,11.5,0.0,0.0,0.0,0.0,0.0,0.0,0.0,0.0,0.0,0.0,0.0,0.0,0.0
10858,1,Mathematics,1.5,0.0,0.0,8.0,0.0,3.0,4.0,0.0,0.0,0.0,5.5,0.0,0.0,0.0
10861,1,Mathematics,0.0,0.0,0.0,0.0,0.0,1.5,0.0,0.0,0.0,0.0,2.0,0.0,0.5,1.5
10877,1,Mathematics,0.5,4.0,0.0,0.0,0.0,1.5,0.0,0.0,5.5,0.0,5.5,-6.5,0.0,0.0
10892,1,Economics,0.0,0.0,0.0,0.0,0.0,0.0,0.0,0.0,0.0,0.0,0.0,9.0,0.0,0.0
10900,1,Mathematics,-4.0,6.5,0.0,5.5,6.5,-4.0,0.0,0.0,0.0,0.0,-7.0,0.0,8.0,9.0
10907,1,Mathematics,3.0,5.5,0.0,0.0,4.0,0.0,0.0,6.5,0.0,0.0,4.0,0.0,0.0,0.0
10909,1,Physics,4.0,-5.5,0.0,0.0,0.0,4.0,0.0,0.0,0.0,1.5,0.0,0.0,0.0,0.0
10933,1,Statistics,5.5,0.0,0.0,0.0,0.0,0.0,0.0,0.0,0.0,0.0,0.0,0.0,8.0,0.0
10937,0,Mathematics,4.0,0.0,0.0,0.0,0.0,-3.0,4.0,0.0,0.0,0.0,0.0,0.0,0.0,0.0
10938,1,Statistics,4.0,0.0,0.0,0.0,0.0,6.5,6.5,0.0,0.0,0.0,4.5,0.0,0.0,0.0
10943,1,Mathematics,0.5,3.0,0.0,2.0,5.5,2.0,3.0,3.0,0.0,4.5,2.0,0.0,0.0,0.0
11013,1,Statistics,-1.5,0.0,0.0,0.0,0.0,3.0,0.0,0.0,0.0,0.0,0.0,0.0,5.5,0.0
11027,1,Mathematics,0.5,2.0,0.0,0.0,0.0,0.5,0.0,0.5,0.0,3.0,2.0,0.0,0.0,0.0
11036,1,Statistics,2.0,4.5,5.5,0.0,5.5,4.5,0.0,0.0,0.0,0.0,4.5,0.0,0.0,0.0
11039,1,Mathematics,4.0,8.0,0.0,0.0,0.0,6.5,9.0,0.0,0.0,0.0,8.0,0.0,5.5,6.5
11071,1,Mathematics,6.5,8.0,0.0,0.0,9.0,8.0,6.5,0.0,8.0,6.5,7.0,0.0,0.0,0.0
11072,1,Mathematics,5.5,0.0,0.0,10.5,0.0,8.0,0.0,0.0,0.0,0.0,0.0,0.0,0.0,9.0
11077,1,Mathematics,3.0,5.5,0.0,0.0,0.0,4.0,0.0,0.0,0.0,0.0,7.0,0.0,5.5,6.5
11079,1,Mathematics,0.0,0.0,6.5,8.0,0.0,0.0,0.0,0.0,0.0,0.0,7.0,0.0,0.0,0.0
11093,1,Mathematics,8.0,0.0,0.0,0.0,0.0,0.0,0.0,0.0,10.5,0.0,-9.0,0.0,0.0,0.0
11106,1,Statistics,5.5,0.0,0.0,0.0,0.0,0.0,0.0,0.0,0.0,0.0,0.0,0.0,0.0,0.0
11119,1,Computer Science,0.0,0.0,0.0,0.0,0.0,1.5,0.0,0.0,0.0,0.0,0.0,0.0,0.0,0.0
11122,0,Mathematics,5.0,0.0,0.0,0.0,0.0,0.0,0.0,0.0,0.0,0.0,0.0,0.0,0.0,0.0
11143,1,Mathematics,5.5,6.5,0.0,0.0,0.0,4.0,0.0,0.0,0.0,0.0,9.0,0.0,8.0,9.0
11145,1,Mathematics,4.0,6.5,0.0,0.0,0.0,-5.5,0.0,0.0,8.0,0.0,7.0,0.0,8.0,9.0
11161,1,Mathematics,0.0,0.0,0.0,0.0,9.0,0.0,0.0,0.0,0.0,0.0,0.0,0.0,0.0,0.0
11172,1,Chemisty,1.5,-8.0,0.0,8.0,0.0,4.0,0.0,9.0,0.0,0.0,0.0,0.0,0.0,0.0
11176,1,Mathematics,3.0,5.5,0.0,0.0,0.0,4.0,0.0,0.0,0.0,0.0,8.0,0.0,5.5,6.5
11177,1,Economics,3.0,0.0,0.0,0.0,0.0,5.5,0.0,0.0,0.0,0.0,-8.0,0.0,0.0,0.0
11180,0,Mathematics,4.0,0.0,0.0,0.0,0.0,0.0,0.0,0.0,0.0,0.0,0.0,0.0,0.0,0.0
11186,1,Mathematics,0.0,0.0,0.0,0.0,0.0,8.0,0.0,0.0,10.5,0.0,-8.0,0.0,0.0,0.0
11188,1,Mathematics,3.0,5.5,-6.5,5.5,4.0,4.0,0.0,0.0,0.0,0.0,6.5,0.0,0.0,0.0
11195,0,Computer Science,0.0,0.0,0.0,0.0,0.0,-6.5,0.0,0.0,0.0,0.0,0.0,0.0,0.0,0.0
11197,1,Statistics,4.0,0.0,0.0,8.0,0.0,5.5,0.0,9.0,0.0,0.0,8.0,0.0,0.0,0.0
11198,0,Mathematics,2.0,0.0,0.0,0.0,0.0,0.0,0.0,0.0,0.0,0.0,0.0,0.0,0.0,0.0
11232,1,Computer Science,0.5,0.0,0.0,0.0,0.0,0.0,0.0,0.0,0.0,0.0,0.0,0.0,0.0,0.0
11240,1,Mathematics,2.0,10.5,0.0,12.0,0.0,4.5,0.0,0.0,12.0,10.5,-12.0,0.0,0.0,0.0
11245,1,Economics,4.0,0.0,0.0,0.0,0.0,5.5,0.0,0.0,0.0,0.0,10.5,0.0,0.0,0.0
11258,1,Statistics,4.0,0.0,0.0,0.0,0.0,6.5,0.0,0.0,0.0,0.0,0.0,0.0,0.0,0.0
11275,1,Mathematics,0.0,9.0,0.0,0.0,0.0,10.5,0.0,0.0,10.5,0.0,0.0,0.0,0.0,9.0
11295,1,Statistics,3.0,4.0,0.0,0.0,0.0,3.0,0.0,0.0,0.0,0.0,8.0,0.0,0.0,9.0
11297,1,Statistics,-1.5,0.0,0.0,0.0,0.0,0.0,0.0,0.0,0.0,0.0,0.0,0.0,0.0,0.0
11309,1,Physics,1.5,0.0,0.0,0.0,0.0,0.0,0.0,1.5,0.0,3.0,0.0,0.0,0.0,0.0
11320,1,Physics,0.0,0.0,0.0,0.0,0.0,0.0,0.0,0.0,0.0,6.5,0.0,0.0,0.0,0.0
11370,0,Liberal Arts and Sciences,0.0,0.0,0.0,0.0,0.0,0.5,0.0,0.0,0.0,0.0,0.0,0.0,0.0,0.0
11375,1,Mathematics,4.0,-8.0,0.0,5.5,0.0,5.5,0.0,6.5,-8.0,0.0,0.0,0.0,0.0,0.0
11400,0,Mathematics,-3.0,0.0,0.0,0.0,0.0,0.0,0.0,0.0,0.0,0.0,0.0,0.0,0.0,0.0
11407,1,Mathematics,5.5,10.5,11.5,0.0,0.0,6.5,0.0,11.5,0.0,0.0,9.0,0.0,8.0,9.0
11414,0,Materials Engineering,0.0,0.0,0.0,0.0,0.0,0.0,0.0,0.0,0.0,6.5,0.0,0.0,0.0,0.0
11415,1,Mathematics,0.0,8.0,0.0,0.0,0.0,6.5,0.0,0.0,0.0,0.0,10.5,0.0,8.0,9.0
11431,1,World Languages and Cultures,3.0,0.0,0.0,0.0,0.0,4.0,0.0,0.0,0.0,0.0,9.0,0.0,0.0,0.0
11468,0,Electrical Engineering,0.0,0.0,0.0,0.0,0.0,0.0,0.0,0.0,0.0,3.0,0.0,0.0,0.0,0.0
11469,1,Computer Science,0.0,0.0,0.0,0.0,0.0,0.0,9.0,0.0,0.0,0.0,0.0,0.0,0.0,0.0
11470,1,Mathematics,3.0,9.0,0.0,5.5,0.0,3.0,0.0,0.0,0.0,0.0,8.0,0.0,0.0,0.0
11473,1,Statistics,3.0,8.0,0.0,0.0,0.0,6.5,0.0,0.0,0.0,0.0,0.0,0.0,0.0,0.0
11477,1,Mathematics,3.0,5.5,0.0,0.0,0.0,4.0,0.0,0.0,0.0,0.0,7.0,0.0,5.5,6.5
11484,1,Computer Science,4.0,0.0,0.0,0.0,0.0,6.5,0.0,0.0,0.0,0.0,0.0,0.0,0.0,0.0
11504,1,Physics,5.5,6.5,0.0,0.0,0.0,5.5,0.0,0.0,0.0,3.0,0.0,0.0,0.0,0.0
11507,1,Mathematics,0.5,1.5,0.0,3.0,1.5,0.5,0.0,0.0,3.0,0.0,1.5,0.0,0.0,0.0
11509,1,Mathematics,5.5,8.0,9.0,0.0,0.0,6.5,9.0,11.5,10.5,0.0,8.0,9.0,0.0,0.0
11512,1,Statistics,4.0,6.5,0.0,8.0,0.0,5.5,0.0,0.0,0.0,0.0,8.0,9.0,0.0,0.0
11525,1,Meteorology,0.0,0.0,0.0,0.0,0.0,0.0,0.0,0.0,0.0,9.0,0.0,0.0,0.0,0.0
11541,1,Statistics,3.0,0.0,0.0,0.0,0.0,4.5,0.0,0.0,0.0,0.0,0.0,0.0,0.0,0.0
11596,1,Mathematics,3.0,0.0,0.0,0.0,0.0,4.0,0.0,0.0,0.0,0.0,8.0,0.0,0.0,0.0
11636,1,Mathematics,0.0,0.0,0.0,0.0,0.0,0.0,0.0,0.0,0.0,0.0,0.0,10.5,0.0,0.0
11640,1,Mathematics,3.0,-6.5,0.0,8.0,0.0,-4.0,0.0,0.0,0.0,0.0,4.5,0.0,5.5,6.5
11664,1,Meteorology,4.0,6.5,0.0,0.0,0.0,5.5,0.0,0.0,0.0,0.0,0.0,0.0,0.0,0.0
11735,1,Computer Science,6.5,6.5,0.0,0.0,6.5,5.5,0.0,0.0,0.0,0.0,0.0,0.0,0.0,0.0
11738,1,Genetics,6.5,0.0,0.0,0.0,0.0,0.0,0.0,0.0,0.0,0.0,0.0,0.0,0.0,0.0
11743,1,Sociology,1.5,0.0,0.0,0.0,0.0,0.0,0.0,0.0,0.0,0.0,0.0,0.0,0.0,0.0
11750,1,Economics,3.0,0.0,0.0,0.0,0.0,4.0,0.0,0.0,0.0,0.0,9.0,0.0,0.0,0.0
11755,1,Physics,1.5,0.0,0.0,0.0,0.0,0.0,0.0,0.0,0.0,3.0,0.0,0.0,0.0,0.0
11759,1,Physics,0.0,1.5,0.0,0.0,0.0,0.5,0.0,0.0,0.0,1.5,0.0,0.0,0.0,0.0
11760,0,Physics,2.5,0.0,0.0,0.0,0.0,0.0,0.0,0.0,0.0,0.0,0.0,0.0,0.0,0.0
11778,1,Mathematics,3.0,4.0,0.0,0.0,0.0,3.0,0.0,0.0,0.0,0.0,4.5,0.0,5.5,6.5
11793,1,Mathematics,0.0,6.5,0.0,0.0,0.0,0.0,0.0,9.0,8.0,0.0,7.0,0.0,8.0,0.0
11804,1,Statistics,0.0,0.0,0.0,0.0,0.0,0.0,0.0,0.0,0.0,0.0,9.5,0.0,0.0,0.0
11825,1,Physics,0.0,0.0,0.0,0.0,0.0,0.0,0.0,0.0,0.0,1.5,0.0,0.0,0.0,0.0
11826,1,Mathematics,3.0,-6.5,0.0,8.0,9.0,4.0,0.0,0.0,0.0,0.0,6.5,9.0,8.0,0.0
11845,1,Mathematics,9.0,0.0,0.0,10.5,0.0,9.0,11.5,0.0,0.0,0.0,0.0,0.0,0.0,0.0
11849,1,Biophysics,0.0,0.0,0.0,0.0,0.0,8.0,0.0,0.0,0.0,0.0,0.0,0.0,0.0,0.0
11863,0,Mathematics,3.0,0.0,0.0,0.0,0.0,0.0,0.0,0.0,0.0,0.0,0.0,0.0,0.0,0.0
11869,1,Computer Science,0.0,0.0,0.0,0.0,6.5,1.5,0.0,0.0,0.0,0.0,3.0,0.0,0.0,0.0
11886,1,Physics,7.0,0.0,0.0,0.0,0.0,10.5,0.0,0.0,0.0,4.5,0.0,0.0,0.0,0.0
11892,1,Mathematics,3.0,5.5,0.0,0.0,0.0,4.0,0.0,0.0,0.0,0.0,-8.0,0.0,5.5,6.5
11895,1,Mathematics,0.0,0.0,0.0,0.0,0.0,0.0,0.0,0.0,0.0,0.0,11.5,0.0,0.0,0.0
11896,1,Economics,0.0,0.0,0.0,0.0,0.0,5.5,0.0,0.0,0.0,0.0,5.5,0.0,0.0,0.0
11907,1,Mathematics,3.0,5.5,0.0,0.0,0.0,4.0,0.0,0.0,0.0,0.0,6.5,0.0,5.5,4.0
11910,0,Mathematics,1.5,4.0,0.0,0.0,0.0,3.0,0.0,0.0,0.0,0.0,4.0,0.0,0.0,0.0
11928,1,Bioinformatics and Computational Biology,0.0,0.0,0.0,0.0,0.0,6.5,0.0,0.0,0.0,0.0,0.0,0.0,0.0,0.0
11931,1,Meteorology,0.0,0.0,0.0,0.0,0.0,0.0,0.0,0.0,0.0,6.5,0.0,0.0,0.0,0.0
11953,1,Physics,0.0,0.0,0.0,0.0,0.0,0.0,0.0,0.0,0.0,4.0,0.0,0.0,0.0,0.0
11961,1,Mathematics,0.5,3.0,4.0,0.0,0.0,1.5,0.0,0.0,0.0,0.0,5.5,0.0,0.0,0.0
11972,1,Physics,0.0,0.0,0.0,0.0,0.0,0.0,0.0,0.0,0.0,6.5,0.0,0.0,0.0,0.0
11982,1,Mathematics,1.5,4.0,0.0,0.0,0.0,3.0,0.0,0.0,0.0,0.0,0.0,0.0,5.5,6.5
11994,1,Data Science,0.0,0.0,0.0,0.0,9.0,0.0,0.0,0.0,0.0,0.0,9.0,0.0,0.0,0.0
12027,1,Computer Science,0.0,8.0,0.0,0.0,9.0,0.0,6.5,0.0,0.0,0.0,6.5,0.0,0.0,0.0
12034,1,Mathematics,5.5,6.5,0.0,0.0,0.0,6.5,0.0,0.0,0.0,0.0,-8.0,0.0,8.0,9.0
12042,1,Statistics,0.5,0.0,0.0,0.0,0.0,0.0,0.0,0.0,0.0,0.0,0.0,0.0,0.0,0.0
12060,1,Economics,9.0,0.0,0.0,0.0,0.0,-6.5,0.0,0.0,0.0,0.0,11.5,0.0,0.0,0.0
12071,1,Chemisty,1.5,4.0,0.0,0.0,0.0,3.0,0.0,0.0,0.0,0.0,0.0,0.0,0.0,0.0
12085,1,Physics,6.5,9.0,0.0,0.0,0.0,5.5,0.0,0.0,0.0,8.0,0.0,0.0,0.0,0.0
12117,1,Mathematics,1.5,4.0,0.0,3.0,4.0,3.0,0.0,0.0,0.0,0.0,0.0,0.0,0.0,0.0
12131,1,Mathematics,3.0,5.5,0.0,0.0,0.0,4.0,0.0,0.0,5.5,8.0,8.0,9.0,0.0,0.0
12176,1,Statistics,5.5,6.5,0.0,0.0,0.0,-4.0,0.0,0.0,8.0,0.0,8.0,9.0,0.0,0.0
12184,1,Mathematics,0.0,1.5,0.0,5.5,0.0,1.5,0.0,0.0,0.0,0.0,0.0,0.0,0.0,0.0
12203,1,Mathematics,0.5,3.0,0.0,0.0,0.0,1.5,0.0,0.0,0.0,0.0,0.0,0.0,0.0,0.0
12207,1,Mathematics,0.0,6.5,0.0,0.0,0.0,0.0,0.0,0.0,0.0,0.0,9.0,0.0,8.0,9.0
12209,0,Computer Science,3.0,0.0,0.0,0.0,0.0,0.0,4.0,0.0,0.0,0.0,0.0,0.0,0.0,0.0
12223,1,Mathematics,3.0,5.5,6.5,0.0,4.0,4.0,6.5,0.0,0.0,5.5,4.5,0.0,5.5,6.5
12242,1,Biology,4.0,6.5,0.0,0.0,0.0,5.5,0.0,0.0,0.0,0.0,0.0,0.0,0.0,0.0
12248,1,Data Science,0.0,0.0,0.0,0.0,0.0,0.0,0.0,0.0,7.0,0.0,0.0,0.0,0.0,0.0
12251,1,Physics,0.0,0.0,0.0,0.0,0.0,0.0,0.0,0.0,0.0,0.0,0.0,9.0,0.0,0.0
12253,1,Statistics,3.0,0.0,0.0,0.0,0.0,4.0,0.0,0.0,0.0,0.0,-5.5,0.0,0.0,0.0
12254,1,Mathematics,6.5,8.0,0.0,0.0,-9.0,6.5,0.0,0.0,0.0,0.0,9.0,0.0,8.0,9.0
12259,0,Mechanical Engineering,6.5,9.0,0.0,0.0,0.0,-8.0,0.0,0.0,0.0,0.0,0.0,0.0,0.0,0.0
12280,1,Mathematics,0.0,0.0,9.0,0.0,0.0,0.0,0.0,0.0,0.0,0.0,0.0,0.0,0.0,0.0
12314,1,Mathematics,3.0,5.5,0.0,0.0,0.0,4.0,0.0,0.0,0.0,0.0,-8.0,0.0,5.5,6.5
12343,1,Mathematics,1.5,3.0,0.0,0.0,0.0,1.5,4.0,0.0,0.0,0.0,5.5,0.0,3.0,4.0
12368,0,Computer Science,3.0,0.0,0.0,5.5,-6.5,14.0,0.0,0.0,0.0,0.0,0.0,0.0,0.0,0.0
12396,1,Mathematics,1.5,3.0,4.0,3.0,0.0,1.5,4.0,0.0,0.0,0.0,2.0,4.0,0.0,0.0
12405,1,Biochemistry,0.0,0.0,0.0,0.0,0.0,0.0,0.0,0.0,0.0,9.0,0.0,0.0,0.0,0.0
12416,1,Mathematics,0.0,12.0,0.0,0.0,0.0,13.0,0.0,0.0,12.0,0.0,11.0,0.0,0.0,0.0
12428,1,Mathematics,3.0,-5.5,0.0,0.0,0.0,4.0,0.0,0.0,0.0,0.0,6.5,0.0,5.5,6.5
12437,1,Physics,0.0,0.0,0.0,0.0,0.0,0.0,0.0,0.0,0.0,6.5,0.0,0.0,0.0,0.0
12463,1,Mathematics,3.0,6.5,0.0,0.0,9.0,5.5,4.0,0.0,8.0,0.0,6.5,0.0,5.5,9.0
12518,1,Computer Science,0.0,6.5,0.0,0.0,0.0,0.0,5.0,0.0,0.0,0.0,0.0,0.0,0.0,0.0
12530,1,Meteorology,0.0,0.0,0.0,0.0,0.0,0.0,0.0,0.0,0.0,-8.0,0.0,0.0,0.0,0.0
12531,1,Mathematics,0.5,3.0,0.0,0.0,0.0,1.5,0.0,0.0,0.0,0.0,4.0,0.0,3.0,4.0
12542,1,Meteorology,0.0,0.0,0.0,0.0,0.0,0.0,0.0,0.0,0.0,5.5,0.0,0.0,0.0,0.0
12543,1,Mathematics,0.0,4.0,6.5,0.0,4.0,3.0,4.0,0.0,0.0,0.0,5.5,0.0,0.0,0.0
12546,1,Statistics,5.5,0.0,0.0,0.0,0.0,0.0,0.0,0.0,0.0,0.0,0.0,0.0,0.0,0.0
12574,1,Data Science,3.0,0.0,0.0,0.0,0.0,4.0,0.0,0.0,0.0,0.0,0.0,0.0,8.0,0.0
12592,1,Chemisty,8.0,0.0,0.0,0.0,0.0,0.0,0.0,0.0,0.0,0.0,0.0,0.0,0.0,0.0
12604,1,Computer Science,6.5,9.0,0.0,0.0,0.0,8.0,0.0,0.0,0.0,0.0,0.0,0.0,0.0,0.0
12606,1,Statistics,4.5,0.0,0.0,0.0,0.0,5.5,0.0,0.0,0.0,0.0,0.0,0.0,0.0,0.0
12609,1,Mathematics,3.0,5.5,6.5,0.0,0.0,4.0,0.0,0.0,5.5,0.0,9.0,0.0,5.5,0.0
12628,1,Mathematics,5.5,10.5,0.0,0.0,0.0,-6.5,0.0,0.0,0.0,0.0,9.0,0.0,8.0,9.0
12644,1,Psychology,2.0,0.0,0.0,0.0,0.0,7.0,0.0,0.0,0.0,3.0,0.0,0.0,0.0,0.0
12659,1,Mathematics,1.5,6.5,0.0,3.0,4.0,3.0,4.0,0.0,0.0,0.0,0.0,0.0,0.0,0.0
12691,1,Mathematics,0.0,9.0,0.0,5.5,-6.5,6.5,0.0,6.5,8.0,0.0,8.0,0.0,0.0,0.0
12718,1,Mathematics,2.0,0.5,0.0,4.5,0.0,0.0,8.0,0.0,0.0,0.0,-4.5,0.0,7.0,8.0
12749,1,Biology,0.5,0.0,0.0,0.0,4.0,5.5,0.0,0.0,0.0,0.0,0.0,0.0,0.0,0.0
12750,1,Mathematics,3.0,0.0,0.0,0.0,0.0,3.0,0.0,0.0,0.0,0.0,5.5,-6.5,0.0,0.0
12760,1,Meteorology,0.0,0.0,0.0,0.0,0.0,0.0,0.0,0.0,0.0,5.5,0.0,0.0,0.0,0.0
12762,0,Statistics,0.5,0.0,0.0,0.0,0.0,0.0,0.0,0.0,0.0,0.0,0.0,0.0,0.0,0.0
12763,1,Chemisty,1.5,5.5,0.0,0.0,9.0,4.0,0.0,0.0,0.0,8.0,0.0,0.0,0.0,0.0
12797,1,Computer Science,0.0,5.5,0.0,0.0,0.0,4.0,6.5,0.0,8.0,0.0,0.0,0.0,0.0,0.0
12804,1,Interdisciplinary Studies,3.0,0.0,0.0,0.0,0.0,5.5,0.0,0.0,0.0,0.0,0.0,0.0,0.0,0.0
12807,1,Computer Science,0.0,0.0,6.5,0.0,6.5,0.0,0.0,0.0,0.0,0.0,8.0,0.0,0.0,0.0
12819,1,Mathematics,0.0,1.5,0.0,0.0,0.0,0.5,4.0,0.0,3.0,0.0,-3.0,0.0,0.0,0.0
12837,1,Mathematics,3.0,6.5,0.0,0.0,0.0,6.5,0.0,0.0,8.0,0.0,8.0,9.0,0.0,0.0
12841,1,Mathematics,0.0,5.5,6.5,0.0,0.0,4.0,0.0,0.0,0.0,0.0,5.5,0.0,0.0,0.0
12855,1,Mathematics,5.5,8.0,0.0,8.0,9.0,6.5,0.0,0.0,0.0,0.0,6.5,0.0,0.0,0.0
12858,1,Genetics,0.0,8.0,9.0,3.0,0.0,0.0,0.0,0.0,0.0,0.0,0.0,0.0,0.0,0.0
12900,1,Statistics,0.0,0.0,0.0,0.0,0.0,7.0,0.0,0.0,0.0,0.0,0.0,0.0,0.0,0.0
12980,1,Mathematics,3.0,8.0,0.0,0.0,0.0,-4.0,0.0,0.0,0.0,0.0,7.0,0.0,5.5,6.5
12990,1,Biophysics,0.0,0.0,0.0,0.0,0.0,0.0,0.0,0.0,0.0,1.5,0.0,0.0,0.0,0.0
13022,1,Chemisty,0.0,0.0,0.0,0.0,0.0,10.5,0.0,0.0,0.0,0.0,0.0,0.0,0.0,0.0
13031,1,Mathematics,0.0,0.0,0.0,0.0,4.0,0.5,0.0,0.0,0.5,1.5,0.0,0.0,0.0,0.0
13032,1,Mathematics,0.0,0.0,9.0,0.0,0.0,0.0,6.5,0.0,0.0,0.0,6.5,9.0,8.0,9.0
13033,1,Mathematics,3.0,4.0,0.0,0.0,0.0,4.0,0.0,0.0,-8.0,0.0,6.5,0.0,0.0,0.0
13034,1,Computer Science,0.0,0.0,0.0,0.0,0.0,4.0,0.0,0.0,0.0,0.0,0.0,0.0,0.0,0.0
13039,1,Mathematics,4.0,6.5,-9.0,5.5,0.0,5.5,0.0,6.5,0.0,0.0,7.0,-9.0,8.0,0.0
13064,1,Mathematics,0.0,3.0,0.0,0.0,0.0,0.5,1.5,6.5,0.0,0.0,0.0,0.0,3.0,4.0
